snapped_at,price,market_cap,total_volume
2013-05-03 00:00:00 UTC,0.0990055,100528.0,0.0
2013-05-04 00:00:00 UTC,0.193906,197809.0,0.0
2013-05-05 00:00:00 UTC,0.118,120599.0,0.0
2013-05-06 00:00:00 UTC,0.15392,157770.0,0.0
2013-05-07 00:00:00 UTC,0.214552,220540.0,0.0
2013-05-08 00:00:00 UTC,0.216315,222941.0,0.0
2013-05-09 00:00:00 UTC,0.223843,231361.0,0.0
2013-05-10 00:00:00 UTC,0.225496,233742.0,0.0
2013-05-11 00:00:00 UTC,0.198891,206557.0,0.0
2013-05-12 00:00:00 UTC,0.220199,229408.0,0.0
2013-05-13 00:00:00 UTC,0.240106,250691.0,0.0
2013-05-14 00:00:00 UTC,0.24778,259336.0,0.0
2013-05-15 00:00:00 UTC,0.286273,300656.0,0.0
2013-05-16 00:00:00 UTC,0.310947,327127.0,0.0
2013-05-17 00:00:00 UTC,0.29426,310389.0,0.0
2013-05-18 00:00:00 UTC,0.222201,234911.0,0.0
2013-05-19 00:00:00 UTC,0.196352,208114.0,0.0
2013-05-20 00:00:00 UTC,0.198926,211293.0,0.0
2013-05-21 00:00:00 UTC,0.190084,202270.0,0.0
2013-05-22 00:00:00 UTC,0.172896,184285.0,0.0
2013-05-23 00:00:00 UTC,0.200744,214088.0,0.0
2013-05-24 00:00:00 UTC,0.070015,74820.0,0.0
2013-05-25 00:00:00 UTC,0.10733,114728.0,0.0
2013-05-26 00:00:00 UTC,0.118985,127220.0,0.0
2013-05-27 00:00:00 UTC,0.122782,131519.0,0.0
2013-05-28 00:00:00 UTC,0.120751,129384.0,0.0
2013-05-29 00:00:00 UTC,0.117845,126306.0,0.0
2013-05-30 00:00:00 UTC,0.122054,130857.0,0.0
2013-05-31 00:00:00 UTC,0.11493,123447.0,0.0
2013-06-01 00:00:00 UTC,0.0835337,89759.0,0.0
2013-06-02 00:00:00 UTC,0.0712513,76579.0,0.0
2013-06-03 00:00:00 UTC,0.074378,80127.0,0.0
2013-06-04 00:00:00 UTC,0.0329346,35572.0,0.0
2013-06-05 00:00:00 UTC,0.0363012,39310.0,0.0
2013-06-06 00:00:00 UTC,0.0558233,60600.0,0.0
2013-06-07 00:00:00 UTC,0.05645,61417.0,0.0
2013-06-08 00:00:00 UTC,0.0539472,58824.0,0.0
2013-06-09 00:00:00 UTC,0.04675,51093.0,0.0
2013-06-10 00:00:00 UTC,0.0435249,47682.0,0.0
2013-06-11 00:00:00 UTC,0.0467764,51363.0,0.0
2013-06-12 00:00:00 UTC,0.0460944,50735.0,0.0
2013-06-13 00:00:00 UTC,0.0456765,50394.0,0.0
2013-06-14 00:00:00 UTC,0.0425062,47000.0,0.0
2013-06-15 00:00:00 UTC,0.0431601,47823.0,0.0
2013-06-16 00:00:00 UTC,0.0342739,37995.0,0.0
2013-06-17 00:00:00 UTC,0.02452,27182.0,0.0
2013-06-18 00:00:00 UTC,0.0214735,23946.0,0.0
2013-06-19 00:00:00 UTC,0.0170188,19024.0,0.0
2013-06-20 00:00:00 UTC,0.0187454,21001.0,0.0
2013-06-21 00:00:00 UTC,0.0176625,19835.0,0.0
2013-06-22 00:00:00 UTC,0.0204318,23000.0,0.0
2013-06-23 00:00:00 UTC,0.0214863,24245.0,0.0
2013-06-24 00:00:00 UTC,0.0202501,22908.0,0.0
2013-06-25 00:00:00 UTC,0.021229,24072.0,0.0
2013-06-26 00:00:00 UTC,0.0312157,35474.0,0.0
2013-06-27 00:00:00 UTC,0.0306913,34959.0,0.0
2013-06-28 00:00:00 UTC,0.0303764,34687.0,0.0
2013-06-29 00:00:00 UTC,0.0331108,37893.0,0.0
2013-06-30 00:00:00 UTC,0.0372347,42704.0,0.0
2013-07-01 00:00:00 UTC,0.0298366,34297.0,0.0
2013-07-02 00:00:00 UTC,0.0296349,34144.0,0.0
2013-07-03 00:00:00 UTC,0.028588,33011.0,0.0
2013-07-04 00:00:00 UTC,0.0274581,31783.0,0.0
2013-07-05 00:00:00 UTC,0.0198,22971.0,0.0
2013-07-06 00:00:00 UTC,0.0230007,26740.0,0.0
2013-07-07 00:00:00 UTC,0.0285811,33292.0,0.0
2013-07-08 00:00:00 UTC,0.0333155,38884.0,0.0
2013-07-09 00:00:00 UTC,0.0332075,38830.0,0.0
2013-07-10 00:00:00 UTC,0.0221022,25903.0,0.0
2013-07-11 00:00:00 UTC,0.0324052,38058.0,0.0
2013-07-12 00:00:00 UTC,0.0258377,30405.0,0.0
2013-07-13 00:00:00 UTC,0.0221126,26085.0,0.0
2013-07-14 00:00:00 UTC,0.0230515,27255.0,0.0
2013-07-15 00:00:00 UTC,0.027723,32855.0,0.0
2013-07-16 00:00:00 UTC,0.029341,34856.0,0.0
2013-07-17 00:00:00 UTC,0.032075,38182.0,0.0
2013-07-18 00:00:00 UTC,0.0389341,46440.0,0.0
2013-07-19 00:00:00 UTC,0.0375642,44916.0,0.0
2013-07-20 00:00:00 UTC,0.0393393,47145.0,0.0
2013-07-21 00:00:00 UTC,0.0322289,38699.0,0.0
2013-07-22 00:00:00 UTC,0.0338939,40774.0,0.0
2013-07-23 00:00:00 UTC,0.0339517,40938.0,0.0
2013-07-24 00:00:00 UTC,0.031482,38037.0,0.0
2013-07-25 00:00:00 UTC,0.0307242,37206.0,0.0
2013-07-26 00:00:00 UTC,0.0303975,36892.0,0.0
2013-07-27 00:00:00 UTC,0.0254415,30945.0,0.0
2013-07-28 00:00:00 UTC,0.0247418,30157.0,0.0
2013-07-29 00:00:00 UTC,0.0252533,30829.0,0.0
2013-07-30 00:00:00 UTC,0.031426,38437.0,0.0
2013-07-31 00:00:00 UTC,0.0317417,38908.0,0.0
2013-08-01 00:00:00 UTC,0.0316696,38889.0,0.0
2013-08-03 00:00:00 UTC,0.04368,53748.0,0.0
2013-08-04 00:00:00 UTC,0.037621,46385.0,0.0
2013-08-05 00:00:00 UTC,0.110315,136253.0,0.0
2013-08-06 00:00:00 UTC,0.08552,105851.0,0.0
2013-08-07 00:00:00 UTC,0.0826362,102510.0,0.0
2013-08-08 00:00:00 UTC,0.0928506,115416.0,0.0
2013-08-09 00:00:00 UTC,0.109882,136851.0,0.0
2013-08-10 00:00:00 UTC,0.0835011,104187.0,0.0
2013-08-11 00:00:00 UTC,0.0866314,108278.0,0.0
2013-08-12 00:00:00 UTC,0.0701185,87656.0,0.0
2013-08-13 00:00:00 UTC,0.0713226,89396.0,0.0
2013-08-14 00:00:00 UTC,0.0745033,93558.0,0.0
2013-08-15 00:00:00 UTC,0.0766452,96367.0,0.0
2013-08-16 00:00:00 UTC,0.0712631,89704.0,0.0
2013-08-17 00:00:00 UTC,0.07686,96859.0,0.0
2013-08-18 00:00:00 UTC,0.078435,98945.0,0.0
2013-08-19 00:00:00 UTC,0.078408,98955.0,0.0
2013-08-20 00:00:00 UTC,0.0615882,77827.0,0.0
2013-08-21 00:00:00 UTC,0.0483203,61139.0,0.0
2013-08-22 00:00:00 UTC,0.0487396,61763.0,0.0
2013-08-23 00:00:00 UTC,0.0460035,58418.0,0.0
2013-08-24 00:00:00 UTC,0.0440832,56084.0,0.0
2013-08-25 00:00:00 UTC,0.0432012,55074.0,0.0
2013-08-26 00:00:00 UTC,0.0485315,61989.0,0.0
2013-08-27 00:00:00 UTC,0.0398034,50944.0,0.0
2013-08-28 00:00:00 UTC,0.0432122,55410.0,0.0
2013-08-29 00:00:00 UTC,0.0447782,57506.0,0.0
2013-08-30 00:00:00 UTC,0.06094,78409.0,0.0
2013-08-31 00:00:00 UTC,0.0945507,121843.0,0.0
2013-09-01 00:00:00 UTC,0.106148,137003.0,0.0
2013-09-02 00:00:00 UTC,0.081708,105627.0,0.0
2013-09-03 00:00:00 UTC,0.081492,105454.0,0.0
2013-09-04 00:00:00 UTC,0.0763665,98971.0,0.0
2013-09-05 00:00:00 UTC,0.0640672,83174.0,0.0
2013-09-06 00:00:00 UTC,0.0615768,80032.0,0.0
2013-09-07 00:00:00 UTC,0.0550388,71652.0,0.0
2013-09-08 00:00:00 UTC,0.0692876,90309.0,0.0
2013-09-09 00:00:00 UTC,0.0508899,66447.0,0.0
2013-09-10 00:00:00 UTC,0.0570283,74571.0,0.0
2013-09-11 00:00:00 UTC,0.063505,83162.0,0.0
2013-09-12 00:00:00 UTC,0.059124,77552.0,0.0
2013-09-13 00:00:00 UTC,0.0576603,75763.0,0.0
2013-09-14 00:00:00 UTC,0.0583641,76806.0,0.0
2013-09-15 00:00:00 UTC,0.0586177,77269.0,0.0
2013-09-16 00:00:00 UTC,0.0549922,72583.0,0.0
2013-09-17 00:00:00 UTC,0.0550914,72822.0,0.0
2013-09-18 00:00:00 UTC,0.0513106,67934.0,0.0
2013-09-19 00:00:00 UTC,0.0502186,66591.0,0.0
2013-09-20 00:00:00 UTC,0.0558335,74130.0,0.0
2013-09-21 00:00:00 UTC,0.0554304,73715.0,0.0
2013-09-22 00:00:00 UTC,0.0501501,66717.0,0.0
2013-09-23 00:00:00 UTC,0.0519236,69077.0,0.0
2013-09-24 00:00:00 UTC,0.0729698,97075.0,0.0
2013-09-25 00:00:00 UTC,0.0930888,123841.0,0.0
2013-09-26 00:00:00 UTC,0.196108,260893.0,0.0
2013-09-27 00:00:00 UTC,0.184689,245701.0,0.0
2013-09-28 00:00:00 UTC,0.13378,179499.0,0.0
2013-09-29 00:00:00 UTC,0.145719,195850.0,0.0
2013-09-30 00:00:00 UTC,0.180655,243294.0,0.0
2013-10-01 00:00:00 UTC,0.155018,209020.0,0.0
2013-10-02 00:00:00 UTC,0.132353,178599.0,0.0
2013-10-03 00:00:00 UTC,0.135579,183129.0,0.0
2013-10-04 00:00:00 UTC,0.144912,195943.0,0.0
2013-10-05 00:00:00 UTC,0.150661,203870.0,0.0
2013-10-06 00:00:00 UTC,0.14329,194133.0,0.0
2013-10-07 00:00:00 UTC,0.139623,189397.0,0.0
2013-10-08 00:00:00 UTC,0.145059,196856.0,0.0
2013-10-09 00:00:00 UTC,0.140649,191012.0,0.0
2013-10-10 00:00:00 UTC,0.156166,212424.0,0.0
2013-10-11 00:00:00 UTC,0.234994,320170.0,0.0
2013-10-12 00:00:00 UTC,0.205018,279329.0,0.0
2013-10-13 00:00:00 UTC,0.263998,359687.0,0.0
2013-10-14 00:00:00 UTC,0.3342,455334.0,0.0
2013-10-15 00:00:00 UTC,0.358122,487927.0,0.0
2013-10-16 00:00:00 UTC,0.365851,498457.0,0.0
2013-10-17 00:00:00 UTC,0.304584,414984.0,0.0
2013-10-18 00:00:00 UTC,0.316346,431009.0,0.0
2013-10-19 00:00:00 UTC,0.299761,408412.0,0.0
2013-10-20 00:00:00 UTC,0.173968,237025.0,0.0
2013-10-21 00:00:00 UTC,0.17628,240175.0,0.0
2013-10-22 00:00:00 UTC,0.13393,182474.0,0.0
2013-10-23 00:00:00 UTC,0.128099,174530.0,0.0
2013-10-24 00:00:00 UTC,0.122282,166604.0,0.0
2013-10-25 00:00:00 UTC,0.180931,246511.0,0.0
2013-10-26 00:00:00 UTC,0.15103,205772.0,0.0
2013-10-27 00:00:00 UTC,0.131797,179568.0,0.0
2013-10-28 00:00:00 UTC,0.230576,314151.0,0.0
2013-10-29 00:00:00 UTC,0.180482,245900.0,0.0
2013-10-30 00:00:00 UTC,0.310681,433495.0,0.0
2013-10-31 00:00:00 UTC,0.357714,499388.0,0.0
2013-11-01 00:00:00 UTC,0.36678,512086.0,0.0
2013-11-02 00:00:00 UTC,0.443636,620088.0,0.0
2013-11-03 00:00:00 UTC,0.520715,728400.0,0.0
2013-11-04 00:00:00 UTC,0.477433,667876.0,0.0
2013-11-05 00:00:00 UTC,0.23228,324939.0,0.0
2013-11-06 00:00:00 UTC,0.251097,351461.0,0.0
2013-11-07 00:00:00 UTC,0.258311,361679.0,0.0
2013-11-08 00:00:00 UTC,0.266808,373587.0,0.0
2013-11-09 00:00:00 UTC,0.286114,400620.0,0.0
2013-11-10 00:00:00 UTC,0.23695,331780.0,0.0
2013-11-11 00:00:00 UTC,0.248043,347312.0,0.0
2013-11-12 00:00:00 UTC,0.312737,437898.0,0.0
2013-11-13 00:00:00 UTC,0.302017,423641.0,0.0
2013-11-14 00:00:00 UTC,0.292225,409920.0,0.0
2013-11-15 00:00:00 UTC,0.237586,333415.0,0.0
2013-11-16 00:00:00 UTC,0.256014,359389.0,0.0
2013-11-17 00:00:00 UTC,0.254771,357656.0,0.0
2013-11-18 00:00:00 UTC,0.202925,284956.0,0.0
2013-11-19 00:00:00 UTC,0.199524,280186.0,0.0
2013-11-20 00:00:00 UTC,0.171351,240628.0,0.0
2013-11-21 00:00:00 UTC,0.168574,236760.0,0.0
2013-11-22 00:00:00 UTC,0.195975,275451.0,0.0
2013-11-23 00:00:00 UTC,0.229399,322440.0,0.0
2013-11-24 00:00:00 UTC,0.224114,315115.0,0.0
2013-11-25 00:00:00 UTC,0.328873,462591.0,0.0
2013-11-26 00:00:00 UTC,0.79874,1124704.0,0.0
2013-11-30 00:00:00 UTC,0.588376,832324.0,0.0
2013-12-01 00:00:00 UTC,0.689544,977321.0,0.0
2013-12-02 00:00:00 UTC,0.324211,460351.0,0.0
2013-12-03 00:00:00 UTC,0.452357,643584.0,0.0
2013-12-04 00:00:00 UTC,0.546946,779650.0,0.0
2013-12-05 00:00:00 UTC,0.463603,662117.0,0.0
2013-12-06 00:00:00 UTC,0.47414,678466.0,0.0
2013-12-07 00:00:00 UTC,0.36508,523758.0,0.0
2013-12-08 00:00:00 UTC,0.319955,459467.0,0.0
2013-12-09 00:00:00 UTC,0.320185,460314.0,0.0
2013-12-10 00:00:00 UTC,0.462731,666530.0,0.0
2013-12-11 00:00:00 UTC,0.445481,642931.0,0.0
2013-12-12 00:00:00 UTC,0.57585,832823.0,0.0
2013-12-14 00:00:00 UTC,0.595565,863957.0,0.0
2013-12-15 00:00:00 UTC,0.620956,902162.0,0.0
2013-12-16 00:00:00 UTC,0.620889,903652.0,0.0
2013-12-17 00:00:00 UTC,0.403906,589213.0,0.0
2013-12-18 00:00:00 UTC,0.1997,291843.0,0.0
2013-12-19 00:00:00 UTC,0.292272,427893.0,0.0
2013-12-20 00:00:00 UTC,0.306509,449583.0,0.0
2013-12-21 00:00:00 UTC,0.271721,399326.0,0.0
2013-12-22 00:00:00 UTC,0.300843,442979.0,0.0
2013-12-23 00:00:00 UTC,0.301214,444390.0,0.0
2013-12-24 00:00:00 UTC,0.308531,456070.0,0.0
2013-12-25 00:00:00 UTC,0.300719,445398.0,0.0
2013-12-26 00:00:00 UTC,0.353262,524130.0,0.0
2013-12-27 00:00:00 UTC,0.419661,624016.0,5901.0
2013-12-28 00:00:00 UTC,0.383523,570797.0,3520.0
2013-12-29 00:00:00 UTC,0.367517,547762.0,1675.0
2013-12-30 00:00:00 UTC,0.379168,566103.0,3673.0
2013-12-31 00:00:00 UTC,0.482643,722271.0,23586.0
2014-01-01 00:00:00 UTC,0.499445,749287.0,2604.0
2014-01-02 00:00:00 UTC,0.489107,735267.0,2961.0
2014-01-03 00:00:00 UTC,0.491352,739149.0,2337.0
2014-01-04 00:00:00 UTC,0.673655,1014483.0,14316.0
2014-01-05 00:00:00 UTC,0.648341,978015.0,9504.0
2014-01-06 00:00:00 UTC,0.592672,895554.0,3865.0
2014-01-07 00:00:00 UTC,0.585023,885329.0,3144.0
2014-01-08 00:00:00 UTC,0.522785,791431.0,3629.0
2014-01-09 00:00:00 UTC,0.565075,856506.0,4364.0
2014-01-10 00:00:00 UTC,0.554708,841951.0,2467.0
2014-01-11 00:00:00 UTC,0.648355,984615.0,7461.0
2014-01-12 00:00:00 UTC,0.598344,909494.0,4189.0
2014-01-13 00:00:00 UTC,0.525581,799792.0,4959.0
2014-01-15 00:00:00 UTC,0.620137,944919.0,7266.0
2014-01-16 00:00:00 UTC,0.630242,961242.0,5186.0
2014-01-17 00:00:00 UTC,0.638222,973720.0,1751.0
2014-01-18 00:00:00 UTC,0.599933,915615.0,2723.0
2014-01-19 00:00:00 UTC,0.662466,1011710.0,1660.0
2014-01-20 00:00:00 UTC,0.632802,966995.0,2187.0
2014-01-21 00:00:00 UTC,0.571521,873872.0,2022.0
2014-01-22 00:00:00 UTC,0.648947,994285.0,4048.0
2014-02-17 00:00:00 UTC,0.815774,1298595.0,310427.0
2014-02-18 00:00:00 UTC,0.659979,1051814.0,109930.0
2014-02-19 00:00:00 UTC,0.845931,1350339.0,802271.0
2014-02-20 00:00:00 UTC,0.735565,1176230.0,113007.0
2014-02-21 00:00:00 UTC,0.613239,982328.0,166111.0
2014-02-22 00:00:00 UTC,0.567662,910923.0,59518.0
2014-02-23 00:00:00 UTC,0.573344,921622.0,22767.0
2014-02-24 00:00:00 UTC,0.515463,829961.0,46685.0
2014-02-25 00:00:00 UTC,0.494064,796750.0,78328.0
2014-02-26 00:00:00 UTC,0.557674,900762.0,25615.0
2014-02-27 00:00:00 UTC,0.541639,876222.0,5842.0
2014-02-28 00:00:00 UTC,0.49308,799037.0,12419.0
2014-03-01 00:00:00 UTC,0.466946,757971.0,14673.0
2014-03-02 00:00:00 UTC,0.33536,545285.0,25356.0
2014-03-03 00:00:00 UTC,0.494208,803898.0,62496.0
2014-03-04 00:00:00 UTC,0.531876,866367.0,75559.0
2014-03-05 00:00:00 UTC,0.456562,745018.0,19645.0
2014-03-06 00:00:00 UTC,0.447552,731534.0,8923.0
2014-03-07 00:00:00 UTC,0.443634,726316.0,9019.0
2014-03-08 00:00:00 UTC,0.426006,698511.0,6712.0
2014-03-09 00:00:00 UTC,0.409988,673357.0,3369.0
2014-03-10 00:00:00 UTC,0.400903,659437.0,3339.0
2014-03-11 00:00:00 UTC,0.388273,639637.0,22868.0
2014-03-12 00:00:00 UTC,0.394401,650737.0,58262.0
2014-03-13 00:00:00 UTC,0.321743,531700.0,5330.0
2014-03-14 00:00:00 UTC,0.31227,516860.0,404506.0
2014-03-15 00:00:00 UTC,0.298086,494115.0,2325.0
2014-03-16 00:00:00 UTC,0.298672,495843.0,3855.0
2014-03-17 00:00:00 UTC,0.288068,478890.0,4476.0
2014-03-18 00:00:00 UTC,0.277721,462325.0,8177.0
2014-03-19 00:00:00 UTC,0.285205,475351.0,4548.0
2014-03-20 00:00:00 UTC,0.266002,443957.0,8045.0
2014-03-21 00:00:00 UTC,0.243946,407715.0,5641.0
2014-03-22 00:00:00 UTC,0.23847,399170.0,5051.0
2014-03-23 00:00:00 UTC,0.232562,389839.0,5847.0
2014-03-24 00:00:00 UTC,0.222624,373729.0,2852.0
2014-03-25 00:00:00 UTC,0.212588,357380.0,4891.0
2014-03-26 00:00:00 UTC,0.227602,383175.0,5490.0
2014-03-27 00:00:00 UTC,0.200666,338365.0,2044.0
2014-03-28 00:00:00 UTC,0.198367,334897.0,9266.0
2014-03-29 00:00:00 UTC,0.205325,347148.0,4040.0
2014-03-30 00:00:00 UTC,0.181603,307519.0,1903.0
2014-03-31 00:00:00 UTC,0.184266,312364.0,1551.0
2014-04-01 00:00:00 UTC,0.195311,331443.0,884.0
2014-04-02 00:00:00 UTC,0.174198,295966.0,2087.0
2014-04-03 00:00:00 UTC,0.169588,288525.0,1773.0
2014-04-04 00:00:00 UTC,0.165375,281725.0,600.0
2014-04-05 00:00:00 UTC,0.167126,285038.0,355.0
2014-04-06 00:00:00 UTC,0.173572,296332.0,2200.0
2014-04-07 00:00:00 UTC,0.166167,284029.0,658.0
2014-04-08 00:00:00 UTC,0.166206,284441.0,935.0
2014-04-09 00:00:00 UTC,0.155157,265861.0,301.0
2014-04-10 00:00:00 UTC,0.12931,221801.0,778.0
2014-04-11 00:00:00 UTC,0.144547,248241.0,1164.0
2014-04-12 00:00:00 UTC,0.138583,238257.0,206.0
2014-04-13 00:00:00 UTC,0.144421,248599.0,2850.0
2014-04-14 00:00:00 UTC,0.159494,274545.0,1389.0
2014-04-15 00:00:00 UTC,0.150256,258643.0,8222.0
2014-04-16 00:00:00 UTC,0.156072,268655.0,4721.0
2014-04-17 00:00:00 UTC,0.154425,265819.0,4150.0
2014-04-18 00:00:00 UTC,0.151106,260106.0,1781.0
2014-04-19 00:00:00 UTC,0.14417,248167.0,927.0
2014-04-20 00:00:00 UTC,0.141737,243979.0,1121.0
2014-04-21 00:00:00 UTC,0.144261,248324.0,845.0
2014-04-22 00:00:00 UTC,0.128959,221984.0,1315.0
2014-04-23 00:00:00 UTC,0.127112,218804.0,778.0
2014-04-24 00:00:00 UTC,0.115821,199368.0,558.0
2014-04-25 00:00:00 UTC,0.119111,205032.0,490.0
2014-04-26 00:00:00 UTC,0.103096,177464.0,686.0
2014-04-27 00:00:00 UTC,0.10459,180036.0,645.0
2014-04-28 00:00:00 UTC,0.0947881,163163.0,142.0
2014-04-29 00:00:00 UTC,0.0893186,153749.0,184.0
2014-04-30 00:00:00 UTC,0.0931559,160354.0,742.0
2014-05-01 00:00:00 UTC,0.0925814,159365.0,177.0
2014-05-02 00:00:00 UTC,0.0916062,157686.0,133.0
2014-05-03 00:00:00 UTC,0.0887264,152729.0,4994.0
2014-05-04 00:00:00 UTC,0.0923825,159023.0,1057.0
2014-05-05 00:00:00 UTC,0.106284,182952.0,6727.0
2014-05-06 00:00:00 UTC,0.0833741,143516.0,5964.0
2014-05-07 00:00:00 UTC,0.130805,225161.0,1086.0
2014-05-08 00:00:00 UTC,0.12084,208008.0,4900.0
2014-05-09 00:00:00 UTC,0.12088,208077.0,623.0
2014-05-10 00:00:00 UTC,0.116203,200026.0,822.0
2014-05-11 00:00:00 UTC,0.102551,176526.0,126.0
2014-05-12 00:00:00 UTC,0.0941454,162057.0,241.0
2014-05-13 00:00:00 UTC,0.0881518,151740.0,263.0
2014-05-14 00:00:00 UTC,0.0810872,139579.0,163.0
2014-05-15 00:00:00 UTC,0.0844209,145318.0,301.0
2014-05-16 00:00:00 UTC,0.0803,138224.0,239.0
2014-05-17 00:00:00 UTC,0.0786773,135431.0,217.0
2014-05-18 00:00:00 UTC,0.0839683,144539.0,346.0
2014-05-19 00:00:00 UTC,0.0842861,145086.0,163.0
2014-05-20 00:00:00 UTC,0.0885279,152388.0,178.0
2014-05-21 00:00:00 UTC,0.0900756,155052.0,207.0
2014-05-22 00:00:00 UTC,0.101304,174380.0,422.0
2014-05-23 00:00:00 UTC,0.0913972,157327.0,310.0
2014-05-24 00:00:00 UTC,0.0907852,156273.0,770.0
2014-05-25 00:00:00 UTC,0.0817516,140723.0,269.0
2014-05-26 00:00:00 UTC,0.0923644,158991.0,709.0
2014-05-27 00:00:00 UTC,0.0881822,151792.0,718.0
2014-05-28 00:00:00 UTC,0.101257,174299.0,1592.0
2014-05-29 00:00:00 UTC,0.0963945,165929.0,567.0
2014-05-30 00:00:00 UTC,0.0690275,118820.0,4448.0
2014-05-31 00:00:00 UTC,0.0708468,121952.0,1860.0
2014-06-01 00:00:00 UTC,0.07384,127104.0,2075.0
2014-06-02 00:00:00 UTC,0.0593385,102142.0,284.0
2014-06-03 00:00:00 UTC,0.0547001,94158.0,258.0
2014-06-04 00:00:00 UTC,0.0608826,104800.0,110.0
2014-06-05 00:00:00 UTC,0.117693,202591.0,12761.0
2014-06-06 00:00:00 UTC,0.173796,299164.0,7001.0
2014-06-07 00:00:00 UTC,0.234705,404009.0,19224.0
2014-06-08 00:00:00 UTC,0.183259,315453.0,2381.0
2014-06-09 00:00:00 UTC,0.164247,282727.0,1647.0
2014-06-10 00:00:00 UTC,0.15093,259803.0,278.0
2014-06-11 00:00:00 UTC,0.127383,219271.0,1532.0
2014-06-12 00:00:00 UTC,0.119392,205515.0,80.0
2014-06-13 00:00:00 UTC,0.112532,193707.0,1515.0
2014-06-14 00:00:00 UTC,0.103904,178855.0,113.0
2014-06-15 00:00:00 UTC,0.100905,173693.0,104.0
2014-06-16 00:00:00 UTC,0.101837,175297.0,138.0
2014-06-17 00:00:00 UTC,0.101741,175132.0,97.0
2014-06-18 00:00:00 UTC,0.101987,175555.0,86.0
2014-06-19 00:00:00 UTC,0.0969609,166904.0,84.0
2014-06-20 00:00:00 UTC,0.0910235,156683.0,697.0
2014-06-21 00:00:00 UTC,0.0928652,159854.0,690.0
2014-06-22 00:00:00 UTC,0.0903314,155492.0,133.0
2014-06-23 00:00:00 UTC,0.0802797,138189.0,188.0
2014-06-25 00:00:00 UTC,0.0729708,125608.0,72.0
2014-06-26 00:00:00 UTC,0.0708437,121947.0,76.0
2014-06-27 00:00:00 UTC,0.0719407,123835.0,89.0
2014-06-28 00:00:00 UTC,0.0706111,121546.0,175.0
2014-06-29 00:00:00 UTC,0.0707787,121835.0,136.0
2014-06-30 00:00:00 UTC,0.0737438,126939.0,351.0
2014-07-01 00:00:00 UTC,0.0772844,133034.0,189.0
2014-07-02 00:00:00 UTC,0.0798067,137375.0,127.0
2014-07-03 00:00:00 UTC,0.080464,138507.0,78.0
2014-07-04 00:00:00 UTC,0.0856476,147429.0,634.0
2014-07-05 00:00:00 UTC,0.0884075,152180.0,207.0
2014-07-07 00:00:00 UTC,0.0820792,141287.0,214.0
2014-07-08 00:00:00 UTC,0.0791692,136278.0,937.0
2014-07-09 00:00:00 UTC,0.0699904,120478.0,204.0
2014-07-10 00:00:00 UTC,0.0699621,120429.0,41.0
2014-07-11 00:00:00 UTC,0.0764285,131560.0,68.0
2014-07-12 00:00:00 UTC,0.0842965,145104.0,730.0
2014-07-13 00:00:00 UTC,0.0800301,137760.0,83.0
2014-07-14 00:00:00 UTC,0.0793289,136553.0,44.0
2014-07-15 00:00:00 UTC,0.0789379,135880.0,73.0
2014-07-16 00:00:00 UTC,0.0789144,135839.0,66.0
2014-07-17 00:00:00 UTC,0.0613298,105570.0,4270.0
2014-07-18 00:00:00 UTC,0.0589344,101447.0,693.0
2014-07-19 00:00:00 UTC,0.0563475,96994.0,106.0
2014-07-20 00:00:00 UTC,0.0526571,90641.0,41.0
2014-07-21 00:00:00 UTC,0.053615,92290.0,55.0
2014-07-22 00:00:00 UTC,0.0526792,90679.0,38.0
2014-07-23 00:00:00 UTC,0.0523131,90049.0,39.0
2014-07-24 00:00:00 UTC,0.0521319,89737.0,47.0
2014-07-25 00:00:00 UTC,0.0422136,72664.0,275.0
2014-07-26 00:00:00 UTC,0.037705,64904.0,37.0
2014-07-27 00:00:00 UTC,0.0379864,65388.0,24.0
2014-07-28 00:00:00 UTC,0.0303399,52226.0,54.0
2014-07-29 00:00:00 UTC,0.031301,53880.0,25.0
2014-07-30 00:00:00 UTC,0.0320939,55245.0,33.0
2014-07-31 00:00:00 UTC,0.0310253,53405.0,43.0
2014-08-01 00:00:00 UTC,0.0322411,55498.0,41.0
2014-08-02 00:00:00 UTC,0.0334933,57654.0,26.0
2014-08-03 00:00:00 UTC,0.03307143031357112,56927.50657026565,18.94194692342003
2014-08-04 00:00:00 UTC,0.03196129929902836,55016.58254838247,15.790687006809964
2014-08-05 00:00:00 UTC,0.03145237144165817,54140.53958109829,93.99725890991196
2014-08-06 00:00:00 UTC,0.02434383121543514,41904.25386268928,342.928787245402
2014-08-07 00:00:00 UTC,0.0218617791490629,37631.773538239424,75.4347041491464
2014-08-08 00:00:00 UTC,0.01831506743741094,31526.64133338732,30.19175455989684
2014-08-09 00:00:00 UTC,0.0173192954508767,29812.56922436661,16.216188141059007
2014-08-10 00:00:00 UTC,0.01499640475558609,25814.061326028117,104.95040623445504
2014-08-11 00:00:00 UTC,0.01319454223927805,22712.425283581273,25.974209646990637
2014-08-12 00:00:00 UTC,0.01361802899994942,23441.394219062935,24.771668066341473
2014-08-13 00:00:00 UTC,0.01636440406956049,28168.86694513795,94.70753347215529
2014-08-14 00:00:00 UTC,0.01310685837399759,22561.490662080752,16.14687722449471
2014-08-15 00:00:00 UTC,0.01366957102225702,23530.116079162122,12.341461476106604
2014-08-16 00:00:00 UTC,0.01579812589298622,27194.10400589183,52.357203580844896
2014-08-17 00:00:00 UTC,0.01442787603604584,24835.424414647507,9.131502907732841
2014-08-18 00:00:00 UTC,0.01364484743242513,23487.558127804998,219.85877021686926
2014-08-19 00:00:00 UTC,0.02032956784457007,34994.30160925069,17.620946685640885
2014-08-20 00:00:00 UTC,0.01606320282538037,27650.3941834685,5.552110627247808
2014-08-21 00:00:00 UTC,0.01411735665981504,24300.911886372618,11.883492544223522
2014-08-22 00:00:00 UTC,0.0157481992890302,27108.162846172134,18.075492242109224
2014-08-23 00:00:00 UTC,0.01796085624798882,30916.919902475554,165.61530458886585
2014-08-24 00:00:00 UTC,0.01322396577514313,22763.073487042628,674.8180802361871
2014-08-25 00:00:00 UTC,0.01311473443398897,22575.048117946913,112.90870468893517
2014-08-26 00:00:00 UTC,0.01081538193608191,18617.057695674597,2244.9830580766507
2014-08-27 00:00:00 UTC,0.009239353654479265,15904.161413137883,42.18714139083559
2014-08-28 00:00:00 UTC,0.0101537428013871,17478.145171167685,41.82760667797992
2014-08-29 00:00:00 UTC,0.008434405407663478,14518.563748481527,343.93578164277994
2014-08-30 00:00:00 UTC,0.008305339061088327,14296.395392804392,194.35592680964302
2014-08-31 00:00:00 UTC,0.007550852493392071,12997.659939500441,13.295605840293803
2014-09-01 00:00:00 UTC,0.007708269784153515,13268.630192952653,8.667482981798601
2014-09-02 00:00:00 UTC,0.008972023412477237,15443.992501067693,40.558317362673634
2014-09-03 00:00:00 UTC,0.008174776889140825,14071.65219812256,62.44459423399187
2014-09-04 00:00:00 UTC,0.01420311486877968,24448.5317793739,74.12757950840636
2014-09-05 00:00:00 UTC,0.0110068612090263,18946.66054215742,44.796243988890964
2014-09-06 00:00:00 UTC,0.009729374748761245,16747.65922378017,10.40395629875782
2014-09-07 00:00:00 UTC,0.009612088893991023,16545.769217671448,15.116429239589916
2014-09-08 00:00:00 UTC,0.008574487817222457,14759.694604175877,2.5469365392232595
2014-09-09 00:00:00 UTC,0.009670958965219396,16647.105214780408,31.07689138063857
2014-09-10 00:00:00 UTC,0.0100193898,17246.87663223,18.590821423326048
2014-09-11 00:00:00 UTC,0.01024706596702204,17638.78700233339,0.9967416858769115
2014-09-12 00:00:00 UTC,0.01089007508438592,18745.630746507704,66.15684253992646
2014-09-13 00:00:00 UTC,0.0100107376242221,17231.983209454713,9.830690083404546
2014-09-14 00:00:00 UTC,0.01004737309629736,17295.04567931146,1.204990582372189
2014-09-15 00:00:00 UTC,0.01042090650607526,17938.02741423265,4.789463725500519
2014-09-16 00:00:00 UTC,0.01063973155746451,18314.701916441536,3.881247484573684
2014-09-17 00:00:00 UTC,0.01045652739395464,17999.34342958382,18.461474704184326
2014-09-18 00:00:00 UTC,0.009530933804111168,16406.072903706758,4.322133109501259
2014-09-19 00:00:00 UTC,0.00885629811589383,15244.788761793845,13.32448302453683
2014-09-20 00:00:00 UTC,0.009203582410458003,15842.586582241884,2.479392205720234
2014-09-21 00:00:00 UTC,0.009122444741301802,15702.920255439856,3.8512278397249404
2014-09-22 00:00:00 UTC,0.009970079233361613,17161.995888347014,7.615170575644585
2014-09-23 00:00:00 UTC,0.01108235794529752,19076.616849137885,19.406988866958333
2014-09-24 00:00:00 UTC,0.01143770845349958,19688.2994464315,8.557491890509043
2014-09-25 00:00:00 UTC,0.01177832665659864,20274.62259033607,58.82944740415592
2014-09-26 00:00:00 UTC,0.01027732238078384,17690.868880162263,29.846293077800404
2014-09-27 00:00:00 UTC,0.01034411026478506,17805.834204287763,13.795564672954622
2014-09-28 00:00:00 UTC,0.009474929989421964,16309.670737291497,6.320956218092295
2014-09-29 00:00:00 UTC,0.008767628326340569,15092.15701954634,7.09887268833602
2014-09-30 00:00:00 UTC,0.009160931486509295,15769.169414302774,22.582836619159924
2014-10-01 00:00:00 UTC,0.0093319275,16063.513402125,0.8140955881924677
2014-10-02 00:00:00 UTC,0.009853779681264142,16961.803654344032,7.259796798558899
2014-10-03 00:00:00 UTC,0.009439445246408681,16248.589074905583,0.7999057719937984
2014-10-04 00:00:00 UTC,0.009492148712871093,16339.310186900657,14.189967843431301
2014-10-05 00:00:00 UTC,0.008843044766034038,15221.975108012692,79.2913750741612
2014-10-06 00:00:00 UTC,0.0094017359651949,16183.67820368824,39.71920467089194
2014-10-07 00:00:00 UTC,0.009487595865697687,16331.473143418714,1.058062838809851
2014-10-08 00:00:00 UTC,0.009364879844541697,16120.23592040185,8.561512667364799
2014-10-09 00:00:00 UTC,0.009497429558600626,16348.400370697187,2.7311744633584554
2014-10-10 00:00:00 UTC,0.009174860920070292,15793.146844762998,3.6890967643196726
2014-10-11 00:00:00 UTC,0.008984289210244708,15465.106232054728,18.756183302347402
2014-10-12 00:00:00 UTC,0.00956149186159111,16458.674015949855,18.6923868089668
2014-10-13 00:00:00 UTC,0.01006300673099811,17321.956636403596,41.7910130935701
2014-10-14 00:00:00 UTC,0.01011665999838032,17414.312688211965,38.64587557487183
2014-10-15 00:00:00 UTC,0.009726365152720733,16742.478655635834,6.963280927640275
2014-10-16 00:00:00 UTC,0.00940957171141601,16197.166265445949,8.349875095191365
2014-10-17 00:00:00 UTC,0.008571826725864576,14755.113934566987,27.644270910424336
2014-10-18 00:00:00 UTC,0.009109305057923026,15680.302261455801,50.318726915785255
2014-10-19 00:00:00 UTC,0.008752774584330415,15066.588530737159,23.6027084983107
2014-10-20 00:00:00 UTC,0.00764099676388093,13152.829779506439,25.247420204967064
2014-10-21 00:00:00 UTC,0.006986710998070461,12026.574976528587,80.2940909779304
2014-10-22 00:00:00 UTC,0.007209477409150611,12410.033938241404,22.245265047120316
2014-10-23 00:00:00 UTC,0.006771392743490063,11655.93689900662,19.145804679555408
2014-10-24 00:00:00 UTC,0.006519594191234023,11222.503461080685,15.66470079447169
2014-10-25 00:00:00 UTC,0.006284558816553075,10817.925318873635,9.735773094033144
2014-10-26 00:00:00 UTC,0.006313839350112967,10868.327365316956,14.94378018666268
2014-10-27 00:00:00 UTC,0.004949170917444013,8519.255358742252,23.039417465923798
2014-10-28 00:00:00 UTC,0.004999225828292612,8605.417379531487,13.589493205028063
2014-10-29 00:00:00 UTC,0.004334248856221606,7460.7592686570615,12.618821668402218
2014-10-30 00:00:00 UTC,0.004412687186670109,7595.779088774592,2.7969409509721626
2014-10-31 00:00:00 UTC,0.00470884542168138,8105.571066611244,13.633631245796288
2014-11-01 00:00:00 UTC,0.003635015114189285,6257.133266809726,9.751169186171664
2014-11-02 00:00:00 UTC,0.003644833468040446,6274.034090211422,11.705664085588179
2014-11-03 00:00:00 UTC,0.003725942192101604,6413.650592374096,9.565896343097343
2014-11-04 00:00:00 UTC,0.004155863426125435,7153.695508561018,12.899955482749023
2014-11-05 00:00:00 UTC,0.003774293089341721,6496.879409338371,40.69197040485557
2014-11-06 00:00:00 UTC,0.003881652225444399,6681.682058268716,11.12799056004774
2014-11-07 00:00:00 UTC,0.00404359471248787,6960.441758340995,18.266691386230512
2014-11-08 00:00:00 UTC,0.004133562578797332,7115.307945012787,9.387115191243955
2014-11-09 00:00:00 UTC,0.004542863811112381,7819.858621258297,13.87620814316459
2014-11-10 00:00:00 UTC,0.004310610923440259,7420.07011306389,14.79137501738233
2014-11-11 00:00:00 UTC,0.005355416068729222,9218.545449907046,27.08615530366958
2014-11-12 00:00:00 UTC,0.005089917043500913,8761.528702830297,13.718384773494101
2014-11-13 00:00:00 UTC,0.006286977718484783,10822.089095713782,260.5082381430669
2014-11-14 00:00:00 UTC,0.006766570388441378,11647.635938143567,83.53337355484642
2014-11-15 00:00:00 UTC,0.006791909345622744,11691.253152087711,27.71822417118654
2014-11-16 00:00:00 UTC,0.006992726475555772,12036.929718697927,22.273537430359905
2014-11-17 00:00:00 UTC,0.006935897999999999,11939.108022299999,24.843180093540333
2014-11-18 00:00:00 UTC,0.006755126766,11627.9374586541,18.560706775405414
2014-11-19 00:00:00 UTC,0.007535766,12971.6908041,55.95076404091824
2014-11-20 00:00:00 UTC,0.00713593617,12283.4437262295,21.957070183599377
2014-11-21 00:00:00 UTC,0.006987766,12028.3910041,29.680452599434368
2014-11-22 00:00:00 UTC,0.007031000000000001,12102.811850000002,39.36752631178135
2014-11-23 00:00:00 UTC,0.006610691565,11379.31392541275,350.29360142236686
2014-11-24 00:00:00 UTC,0.00698822145,12029.1749929575,32.334398508746226
2014-11-25 00:00:00 UTC,0.00700212768,12053.112481968,165.4141075207193
2014-11-26 00:00:00 UTC,0.00696418464,11987.799230064,102.38964689771629
2014-11-27 00:00:00 UTC,0.006901031040000001,11879.089780704002,32.86914768296107
2014-11-28 00:00:00 UTC,0.00704144468,12120.790799918,26.145950532156935
2014-11-29 00:00:00 UTC,0.00619817145,10669.2224254575,82.04401604872832
2014-11-30 00:00:00 UTC,0.005989669519999999,10310.317628251998,18.82010283662103
2014-12-01 00:00:00 UTC,0.006052849549999999,10419.072572892499,10.207545001741384
2014-12-02 00:00:00 UTC,0.0068647824,11816.69318424,25.89969687865976
2014-12-03 00:00:00 UTC,0.00599687109,10322.7140507715,16.424748932657632
2014-12-04 00:00:00 UTC,0.005902698045999999,10160.609281482099,10.980783085396334
2014-12-05 00:00:00 UTC,0.00719260269,12380.9866404315,77.43784608391277
2014-12-06 00:00:00 UTC,0.0073986858,12735.72780183,29.8395076602957
2014-12-07 00:00:00 UTC,0.00697222176,12001.633926576,62.60684741924111
2014-12-08 00:00:00 UTC,0.00658169493,11329.4005677555,11.599759019787577
2014-12-09 00:00:00 UTC,0.006521773431791319,11226.254696813987,6.367424763101082
2014-12-10 00:00:00 UTC,0.006324638221245543,10886.916002141015,10.453840657181706
2014-12-11 00:00:00 UTC,0.0063831256,10987.59325156,33.02143068430977
2014-12-12 00:00:00 UTC,0.00634109608,10915.245737308,11.606891491494736
2014-12-13 00:00:00 UTC,0.00626513652,10784.492748702,12.190343408401327
2014-12-14 00:00:00 UTC,0.006477460499999999,11149.976631674997,11.125975832857598
2014-12-15 00:00:00 UTC,0.0065821465,11330.177877775,4.285483096640534
2014-12-16 00:00:00 UTC,0.00657068,11310.440018,8.235860323022749
2014-12-17 00:00:00 UTC,0.005901241,10158.10119535,267.38331157133354
2014-12-18 00:00:00 UTC,0.004333562340053465,7459.577534051032,5.440177982632953
2014-12-19 00:00:00 UTC,0.004397831542602901,7570.207325859504,6.230233753443589
2014-12-20 00:00:00 UTC,0.00453379346,7804.245372371,8.541031573486672
2014-12-21 00:00:00 UTC,0.00433882358,7468.633969433,12.305998296631492
2014-12-22 00:00:00 UTC,0.004073648652038933,7012.175107187218,10.878350708766353
2014-12-23 00:00:00 UTC,0.004342416,7474.8177816,13.440290452430999
2014-12-24 00:00:00 UTC,0.00392754486,6760.679344761,0.819465715706768
2014-12-25 00:00:00 UTC,0.00412343136,7097.868571536,1.8473261478126404
2014-12-26 00:00:00 UTC,0.00424393515,7305.2977704525,1.3219901212909961
2014-12-27 00:00:00 UTC,0.0040736556,7012.18706706,2.5070611562074414
2014-12-28 00:00:00 UTC,0.00407956899,7022.3660809365,0.8451918798740715
2014-12-29 00:00:00 UTC,0.00383288058,6597.728986383,3.843986388851136
2014-12-30 00:00:00 UTC,0.004651185,8006.31729975,72.1369700008056
2014-12-31 00:00:00 UTC,0.00477338016,8216.657938416,36.23511267895736
2015-01-01 00:00:00 UTC,0.004738139279999999,8155.996049627998,4.344899387729303
2015-01-02 00:00:00 UTC,0.00468210094,8059.534453069,1.086295693022205
2015-01-03 00:00:00 UTC,0.00453930048,7813.724881248,52.44845357117255
2015-01-04 00:00:00 UTC,0.004435912,7635.7571212,63.7504113992919
2015-01-05 00:00:00 UTC,0.005409756,9312.0834906,92.41380732980726
2015-01-06 00:00:00 UTC,0.005116000827826066,8806.428024978399,4.256834892437023
2015-01-07 00:00:00 UTC,0.005885811830843621,10131.542195022666,38.35106107845311
2015-01-08 00:00:00 UTC,0.005507219887139681,9479.85295272789,1.6916465058293138
2015-01-09 00:00:00 UTC,0.005861442097641341,10089.593354774923,12.939913321380539
2015-01-10 00:00:00 UTC,0.005645075004369616,9717.149858771638,15.27952733957438
2015-01-11 00:00:00 UTC,0.005083806058501232,8751.009558801095,85.96211866283709
2015-01-12 00:00:00 UTC,0.005372427453073618,9247.827996348273,79.03138533726545
2015-01-13 00:00:00 UTC,0.00420949836,7246.020001986,3.1731757938572898
2015-01-14 00:00:00 UTC,0.003275974537,5639.09876926495,14.67889532211265
2015-01-15 00:00:00 UTC,0.00381106179,6560.1712122165,0.1129745785336007
2015-01-16 00:00:00 UTC,0.00394549272,6791.573893572,0.16210104257051508
2015-01-17 00:00:00 UTC,0.003521950540977186,6062.509563711079,1.0198160989857252
2015-01-18 00:00:00 UTC,0.003632898508899916,6253.48984829487,2.3223103358703887
2015-01-19 00:00:00 UTC,0.00379101015,6525.6553217025,4.991335079736573
2015-01-20 00:00:00 UTC,0.003789246599999999,6522.619634909998,2.3173733426928713
2015-01-21 00:00:00 UTC,0.0040328118,6941.88059193,5.47263491059131
2015-01-22 00:00:00 UTC,0.0044088037,7589.094248995,0.7711007589785683
2015-01-23 00:00:00 UTC,0.00456712978,7861.628846803,10.69038796701312
2015-01-24 00:00:00 UTC,0.00456744736,7862.175513136,6.26113803915749
2015-01-25 00:00:00 UTC,0.00469601965,8083.4934245275,2.736986780465373
2015-01-26 00:00:00 UTC,0.005536708537920425,9530.613241749323,11.712760416254822
2015-01-27 00:00:00 UTC,0.005418984718402932,9327.969345022888,22.714306158067995
2015-01-29 00:00:00 UTC,0.004490210299,7729.22349818365,3.426877914969341
2015-01-30 00:00:00 UTC,0.004554417168,7839.7459921368,0.7102689579431466
2015-01-31 00:00:00 UTC,0.004046512448,6965.4642023648,6.759974787014768
2015-02-01 00:00:00 UTC,0.003839851297194882,6609.72803042641,2.554612328468642
2015-02-02 00:00:00 UTC,0.004428263091310975,7622.590672228147,32.95659742362237
2015-02-03 00:00:00 UTC,0.004128246461553267,7106.157046594716,6.604926335614716
2015-02-04 00:00:00 UTC,0.004247061455,7310.67923556425,7.801788857481708
2015-02-05 00:00:00 UTC,0.0039044448,6720.91605648,0.26802358063500353
2015-02-06 00:00:00 UTC,0.004006994472,6897.4399343772,0.47456221046402564
2015-02-07 00:00:00 UTC,0.004091963851,7043.70197491885,0.750547805688781
2015-02-08 00:00:00 UTC,0.004014538861,6910.42646838235,0.775121273752644
2015-02-09 00:00:00 UTC,0.004001276196,6887.5967799846,1.475185538596321
2015-02-10 00:00:00 UTC,0.003973893893,6840.46225271555,13.055707077652068
2015-02-11 00:00:00 UTC,0.003945911756,6792.2952011906,1.6927419707301434
2015-02-12 00:00:00 UTC,0.004003384806,6891.2264358081,1.7987528941565962
2015-02-13 00:00:00 UTC,0.004251620296,7318.5265965196,4.106945235500168
2015-02-14 00:00:00 UTC,0.0046621548,8025.20016498,4.022637826906635
2015-02-15 00:00:00 UTC,0.0041939316,7219.22415966,3.2734893785689474
2015-02-16 00:00:00 UTC,0.004130957449,7110.82360483615,44.60569653297608
2015-02-17 00:00:00 UTC,0.004242994,7303.6777219,5.068711126670588
2015-02-18 00:00:00 UTC,0.0041059165,7067.719367275,8.201998833002367
2015-02-19 00:00:00 UTC,0.004207631988,7242.8073225438,5.052651905271666
2015-02-20 00:00:00 UTC,0.004449616683,7659.34767728205,42.701052446443775
2015-02-21 00:00:00 UTC,0.004450779757,7661.34973471195,2.150701352877944
2015-02-22 00:00:00 UTC,0.00412453303,7099.7649311905,7.095712158353479
2015-02-23 00:00:00 UTC,0.00416730825,7173.3960561375,4.852051288583766
2015-02-24 00:00:00 UTC,0.00435684805,7499.6603908675,29.894125655326953
2015-02-25 00:00:00 UTC,0.00427517778,7359.077271603,5.918332057376834
2015-02-26 00:00:00 UTC,0.004088012688,7036.9006404888,8.637024706577812
2015-02-27 00:00:00 UTC,0.004420383331,7609.02684681685,3.8945269420468254
2015-02-28 00:00:00 UTC,0.00441262434,7595.670907659,1.0145442739638744
2015-03-01 00:00:00 UTC,0.00448926465,7727.5957052775,2.941296887306933
2015-03-02 00:00:00 UTC,0.00469193087,8076.4552030745,10.220304474686674
2015-03-03 00:00:00 UTC,0.004863217386,8371.2992473911,8.738532859892846
2015-03-04 00:00:00 UTC,0.004736884855,8153.83674515425,4.694319012201732
2015-03-05 00:00:00 UTC,0.00471600558,8117.896205133,19.936772991458604
2015-03-06 00:00:00 UTC,0.004686993773,8067.95673115355,5.039254824769743
2015-03-07 00:00:00 UTC,0.004755617958,8186.0829720033,5.149790967954939
2015-03-08 00:00:00 UTC,0.0047227416,8129.49125316,1.8834235417217884
2015-03-09 00:00:00 UTC,0.004342328457,7474.66708945695,172.12674946523413
2015-03-10 00:00:00 UTC,0.003820423012,6576.2851517062,44.74723806995162
2015-03-11 00:00:00 UTC,0.00499286207,8594.4631241945,120.43664226766741
2015-03-12 00:00:00 UTC,0.0044088045,7589.095626075,7.569821444789671
2015-03-13 00:00:00 UTC,0.004052673555,6976.06962389925,3.114983457501248
2015-03-14 00:00:00 UTC,0.0042223305,7268.108606175,15.960758151021775
2015-03-15 00:00:00 UTC,0.00424473576,7306.675900476,1.4590680525483666
2015-03-16 00:00:00 UTC,0.00502445406,8648.843996181,9.791317606161305
2015-03-17 00:00:00 UTC,0.00429367141,7390.9112816035,0.5333571558626798
2015-03-18 00:00:00 UTC,0.0040896992,7039.80371792,4.801013942556525
2015-03-19 00:00:00 UTC,0.004136658867,7120.63774071045,2.707152327886026
2015-03-20 00:00:00 UTC,0.00405450255,6979.2179644425,2.050054087967943
2015-03-21 00:00:00 UTC,0.0041518384,7146.76702984,7.04281596629142
2015-03-22 00:00:00 UTC,0.00433832922,7467.783002847,7.04320657117359
2015-03-23 00:00:00 UTC,0.004384128256,7546.6191734656,1.2930631064887994
2015-03-24 00:00:00 UTC,0.00375106887,6456.9023993745,1.9702182457382147
2015-03-25 00:00:00 UTC,0.00369899793,6367.2700868055,1.582044106013966
2015-03-26 00:00:00 UTC,0.00359456394,6187.502638119,22.597217903390288
2015-03-27 00:00:00 UTC,0.003558925440000001,6126.156306144002,5.428078019702065
2015-03-28 00:00:00 UTC,0.003584146734,6169.5709805709,9.499950787130178
2015-03-29 00:00:00 UTC,0.003401306622,5854.8391537797,1.8241277759609555
2015-03-30 00:00:00 UTC,0.003466377708,5966.8492676658,5.942884494325796
2015-03-31 00:00:00 UTC,0.0034665861,5967.207983235,10.285345424303701
2015-04-01 00:00:00 UTC,0.003516550875,6053.21484868125,1.7068470356829357
2015-04-02 00:00:00 UTC,0.003661467910000001,6302.667786878502,80.84590407496303
2015-04-03 00:00:00 UTC,0.003355428321,5775.86654035335,23.958057059673763
2015-04-04 00:00:00 UTC,0.003589562821,6178.89396192835,6.396883958456853
2015-04-05 00:00:00 UTC,0.003438584232,5919.0069677532,3.466546956599325
2015-04-06 00:00:00 UTC,0.003389467191,5834.45934922785,2.534865715888647
2015-04-07 00:00:00 UTC,0.00336767305,5796.9440046175,3.238127479080975
2015-04-08 00:00:00 UTC,0.002752933043,4738.76129356805,219.829504584959
2015-04-09 00:00:00 UTC,0.00285757885,4918.8933534475,10.479681676289136
2015-04-10 00:00:00 UTC,0.002687659938,4626.4034342763,1.9845856327276485
2015-04-11 00:00:00 UTC,0.002778288675,4782.40721071125,7.291469767497083
2015-04-12 00:00:00 UTC,0.002661488794,4581.3537355519,3.963458664805916
2015-04-13 00:00:00 UTC,0.002622412344,4514.0894883444,26.29579334037592
2015-04-14 00:00:00 UTC,0.002456854365,4229.10626119275,3.6010346083128963
2015-04-15 00:00:00 UTC,0.002500010481,4303.39304146935,3.302392235116163
2015-04-16 00:00:00 UTC,0.002555874395,4399.55438983325,5.979343929868908
2015-04-17 00:00:00 UTC,0.00249329457,4291.8326080695,4.483848939402565
2015-04-18 00:00:00 UTC,0.002503770051,4309.86457728885,4.991150980635442
2015-04-19 00:00:00 UTC,0.002498483064,4300.7638222164,6.664999002652148
2015-04-20 00:00:00 UTC,0.002514499406,4328.3335525181,23.49625631796055
2015-04-21 00:00:00 UTC,0.002673081513,4601.30886240255,10.324674989720018
2015-04-22 00:00:00 UTC,0.002613668226,4499.0378008251,5.641747665863482
2015-04-23 00:00:00 UTC,0.002622184525,4513.69733210875,4.489737584613787
2015-04-24 00:00:00 UTC,0.00314141368,5407.472438068,68.77283655323927
2015-04-25 00:00:00 UTC,0.00307301248,5289.730032448,29.672474464942667
2015-04-26 00:00:00 UTC,0.002995724115,5156.68970535525,19.471519660469497
2015-04-27 00:00:00 UTC,0.003172568256,5461.1003674656,7.671928725791785
2015-04-28 00:00:00 UTC,0.003377865231,5814.48831538185,38.39629212578117
2015-04-29 00:00:00 UTC,0.003215948694,5535.7732844169,14.894773457222271
2015-04-30 00:00:00 UTC,0.003514965504,6050.4858703104,28.140639431275908
2015-05-01 00:00:00 UTC,0.003263019006,5616.7977659781,5.670426967003822
2015-05-02 00:00:00 UTC,0.0032921882,5667.00815807,4.810004688553735
2015-05-03 00:00:00 UTC,0.00332956216,5731.341824116,3.3473361443582057
2015-05-04 00:00:00 UTC,0.003825919306000001,6585.746197383101,34.600368600560685
2015-05-05 00:00:00 UTC,0.00355890262,6126.117024937,1.9490723238297003
2015-05-06 00:00:00 UTC,0.00345871876,5953.665537526,4.145491787459822
2015-05-07 00:00:00 UTC,0.0033726728,5805.55032428,4.6098734032838085
2015-05-08 00:00:00 UTC,0.00364754529,6278.7020849415,5.278400462028068
2015-05-09 00:00:00 UTC,0.003593997648,6186.5278513848,45.98256035482283
2015-05-10 00:00:00 UTC,0.003344185007999999,5756.512863520798,34.470642664092765
2015-05-11 00:00:00 UTC,0.003366560352,5795.0286619152,7.224105870097064
2015-05-12 00:00:00 UTC,0.003617953122,6227.7636065547,27.583524676712052
2015-05-13 00:00:00 UTC,0.003529834707,6076.08097289445,35.16180267117039
2015-05-14 00:00:00 UTC,0.00354582592,6103.607447392,5.010359794559142
2015-05-15 00:00:00 UTC,0.003552492092,6115.0822625642,18.028829139157878
2015-05-16 00:00:00 UTC,0.002732626398,4703.8064501973,8.63366895686877
2015-05-17 00:00:00 UTC,0.002764551837,4758.76130461995,1.6043807756585586
2015-05-18 00:00:00 UTC,0.002787383643,4798.06283387805,3.17928716942041
2015-05-19 00:00:00 UTC,0.002996724232,5158.4112567532,10.48922944908091
2015-05-20 00:00:00 UTC,0.00302390016,5205.190540416,11.374308398392285
2015-05-21 00:00:00 UTC,0.003232323465,5563.95999647775,1.6406852968996568
2015-05-22 00:00:00 UTC,0.00301169,5184.1725815,80.45313665701559
2015-05-23 00:00:00 UTC,0.00291859293,5023.9199400555,94.27794605415623
2015-05-24 00:00:00 UTC,0.003010696416,5182.4622756816,93.92184155676343
2015-05-25 00:00:00 UTC,0.00433092384,7455.035751984,103.27909454473273
2015-05-26 00:00:00 UTC,0.004749942,8176.3126617,368.96430190254733
2015-05-27 00:00:00 UTC,0.003850251015,6627.62958467025,180.0723341299178
2015-05-28 00:00:00 UTC,0.004590664303,7902.13999796905,126.3853236410251
2015-05-29 00:00:00 UTC,0.004091852364,7043.5100667714,16.349224926516563
2015-05-30 00:00:00 UTC,0.0032684008,5626.06171708,34.304734517617014
2015-05-31 00:00:00 UTC,0.003796585605,6535.25263116675,278.4572285313763
2015-06-01 00:00:00 UTC,0.00405321807,6977.0069247945,7.487697083571173
2015-06-02 00:00:00 UTC,0.00365696694,6294.920042169,21.560206021669455
2015-06-03 00:00:00 UTC,0.003749783953000001,6454.690607496552,3.2263258856454184
2015-06-04 00:00:00 UTC,0.003828905583999999,6590.886627018398,5.638674924577948
2015-06-05 00:00:00 UTC,0.0036482754,6279.95885979,8.204222702045374
2015-06-06 00:00:00 UTC,0.00367220907,6321.1570826445,4.540095198397389
2015-06-07 00:00:00 UTC,0.00362537625,6240.5414079375,17.69908428685748
2015-06-08 00:00:00 UTC,0.003766710411,6483.82696597485,5.741327487120727
2015-06-09 00:00:00 UTC,0.003849157728,6625.7476550928,6.743310104956718
2015-06-10 00:00:00 UTC,0.00383578685,6602.7316942475,1.7691669240048649
2015-06-11 00:00:00 UTC,0.003734133032,6427.7498946332,8.160998506451792
2015-06-12 00:00:00 UTC,0.003759750211,6471.84602570485,0.6678032302235454
2015-06-13 00:00:00 UTC,0.003794196931,6531.14088717685,2.0754425194188983
2015-06-14 00:00:00 UTC,0.003829820159000001,6592.460930694651,9.044293930375408
2015-06-15 00:00:00 UTC,0.00389010132,6696.225907182,4.020515002251833
2015-06-16 00:00:00 UTC,0.004117797492,7088.1707128542,5.912848114161572
2015-06-17 00:00:00 UTC,0.004579869456,7883.5582880856,54.61910279600501
2015-06-18 00:00:00 UTC,0.00474237216,8163.282317616,65.90642485736072
2015-06-19 00:00:00 UTC,0.00482521759,8305.8882985465,51.80678098726422
2015-06-20 00:00:00 UTC,0.004840774888,8332.6678534588,41.06170234869297
2015-06-21 00:00:00 UTC,0.004448045257,7656.64270313695,20.095533263066365
2015-06-22 00:00:00 UTC,0.00449305943,7734.1278498305,12.95954547486291
2015-06-23 00:00:00 UTC,0.00470627798,8101.151600873,9.628092369702003
2015-06-24 00:00:00 UTC,0.004805943246,8272.7104065021,40.97089523272864
2015-06-25 00:00:00 UTC,0.004393681428,7563.0635260878,13.566159290706398
2015-06-26 00:00:00 UTC,0.004470262701,7694.88670036635,13.673221063359781
2015-06-27 00:00:00 UTC,0.004528947996,7795.9046329146,11.778967828404028
2015-06-29 00:00:00 UTC,0.00448343006,7717.552333781,3.828411800641564
2015-06-30 00:00:00 UTC,0.004640336451,7987.64314992885,6.841317492483349
2015-07-01 00:00:00 UTC,0.005095670468,8771.4323600918,11.4851578120288
2015-07-03 00:00:00 UTC,0.004592898,7905.9849723,9.853604672848169
2015-07-04 00:00:00 UTC,0.00469007415,8073.2591381025,12.150384689210203
2015-07-05 00:00:00 UTC,0.00485583819,8358.5970683565,6.228118608856458
2015-07-06 00:00:00 UTC,0.0048400819,8331.474978565,9.464864190887981
2015-07-07 00:00:00 UTC,0.00478653571,8239.3032444085,15.027130229503184
2015-07-08 00:00:00 UTC,0.0052452168,9028.85393868,31.39078243352584
2015-07-09 00:00:00 UTC,0.004848137184,8345.3409416784,6.592935613018473
2015-07-10 00:00:00 UTC,0.005136101846,8841.0289126121,9.847714547710956
2015-07-11 00:00:00 UTC,0.005632903764,9696.1988941614,28.42976705840064
2015-07-12 00:00:00 UTC,0.005827030786,10030.3594434811,2.668851629296521
2015-07-13 00:00:00 UTC,0.00545869809,9396.3299572215,156.0080213019767
2015-07-14 00:00:00 UTC,0.004962178074,8541.6452276799,49.786345638702784
2015-07-15 00:00:00 UTC,0.004911281481,8454.03437731935,5.704477081960955
2015-07-16 00:00:00 UTC,0.00480506559,8271.1996533465,8.515175913858704
2015-07-17 00:00:00 UTC,0.004821416896,8299.3459739296,34.66361195543002
2015-07-18 00:00:00 UTC,0.004777483323,8223.72091804605,8.846874369773852
2015-07-19 00:00:00 UTC,0.004702542732,8094.7219317282,27.221517846719564
2015-07-20 00:00:00 UTC,0.0047131718,8113.01827793,36.7923241759734
2015-07-21 00:00:00 UTC,0.004676248017,8049.45952406295,6.70523221416616
2015-07-22 00:00:00 UTC,0.004518232816,7777.4600578216,102.41949600293614
2015-07-23 00:00:00 UTC,0.00449801232,7742.653507032,2.672782505390738
2015-07-24 00:00:00 UTC,0.004869003928,8381.2599114628,8.115933449320043
2015-07-25 00:00:00 UTC,0.004569154128,7865.1134582328,34.90157000907515
2015-07-26 00:00:00 UTC,0.004867259637,8378.25737614995,11.07261014038081
2015-07-27 00:00:00 UTC,0.004283880672,7374.0579947472,8.858219552196806
2015-07-28 00:00:00 UTC,0.004312881711,7423.97893322985,5.779402820137537
2015-07-29 00:00:00 UTC,0.003978441201,6848.28976134135,11.248087444998195
2015-07-30 00:00:00 UTC,0.004184945994,7203.7567867719,2.7709769268403743
2015-07-31 00:00:00 UTC,0.003891999048,6699.4925612748,1.8362124269962443
2015-08-01 00:00:00 UTC,0.003851223208,6629.3030690908,1.4593891495473919
2015-08-02 00:00:00 UTC,0.0045076272,7759.20408072,21.52019667134748
2015-08-03 00:00:00 UTC,0.00426978207,7349.7893661945,5.56705670967081
2015-08-04 00:00:00 UTC,0.003987877379,6864.53272634165,17.5624425629527
2015-08-05 00:00:00 UTC,0.003942150612,6785.8209559662,5.867689205736136
2015-08-06 00:00:00 UTC,0.003843496784,6616.0031891384,10.719054130704901
2015-08-07 00:00:00 UTC,0.003760357188,6472.8908455638,3.3371029275161157
2015-08-08 00:00:00 UTC,0.003508359211,6039.11412785485,3.0191119747432795
2015-08-09 00:00:00 UTC,0.0035379284,6090.01305134,4.648188167744588
2015-08-10 00:00:00 UTC,0.003537219444,6088.7926899294,6.803020545507438
2015-08-11 00:00:00 UTC,0.004018316652,6916.9293689202,8.937206510263298
2015-08-12 00:00:00 UTC,0.003675693998,6327.1558634573,1.0503882990623796
2015-08-13 00:00:00 UTC,0.00353846482,6090.936417907,3.1465114822554505
2015-08-14 00:00:00 UTC,0.003727701086,6416.6782643861,2.763146059509615
2015-08-15 00:00:00 UTC,0.003660378036,6300.7917322686,4.977300564992056
2015-08-16 00:00:00 UTC,0.003642937254,6270.7700421729,15.91861264986867
2015-08-17 00:00:00 UTC,0.00390736368,6725.940470568,3.5470491964251316
2015-08-18 00:00:00 UTC,0.00384676432,6621.627762232,3.575963624699063
2015-08-19 00:00:00 UTC,0.003206375238,5519.2940159313,1.138843419666276
2015-08-20 00:00:00 UTC,0.003301355253,5682.78786475155,9.331494292126859
2015-08-21 00:00:00 UTC,0.003266593544,5622.9507969644,4.60520991961265
2015-08-22 00:00:00 UTC,0.003093028382,5324.1844053557,1.8891209796146597
2015-08-23 00:00:00 UTC,0.003051905722,5253.3979145647,1.1992709800806662
2015-08-24 00:00:00 UTC,0.002817654219,4850.16908987565,2.3518689051974477
2015-08-25 00:00:00 UTC,0.002985718767,5139.46699957545,2.9945714747970897
2015-08-26 00:00:00 UTC,0.003216807048,5537.2508120748,2.4999490449370456
2015-08-27 00:00:00 UTC,0.002990033064,5146.8934147164,2.399683070368644
2015-08-28 00:00:00 UTC,0.003108854386,5351.4264973411,2.58241783858684
2015-08-29 00:00:00 UTC,0.003110969378,5355.0671388203,1.6785846835225913
2015-09-07 00:00:00 UTC,0.00338868727,5833.1168322145,0.34624445340336624
2015-09-08 00:00:00 UTC,0.003448791192,5936.5767183492,2.3301453005290145
2015-09-09 00:00:00 UTC,0.0032122602,5529.42409527,6.776096106789007
2015-09-10 00:00:00 UTC,0.003216316761,5536.40685654735,6.257009753284259
2015-09-11 00:00:00 UTC,0.003244777016,5585.3969164916,5.638311962457716
2015-09-12 00:00:00 UTC,0.003190075084,5491.2357458434,4.547955299603778
2015-09-13 00:00:00 UTC,0.003130255184,5388.2647609784,4.462672594945417
2015-09-14 00:00:00 UTC,0.0030871161,5314.007298735,4.401171025066427
2015-09-15 00:00:00 UTC,0.003087715474,5315.0390311699,4.402025527260879
2015-09-16 00:00:00 UTC,0.00315737248,5434.943118448,4.501332578427525
2015-09-17 00:00:00 UTC,0.00300707832,5176.234266132,165.915943120867
2015-09-18 00:00:00 UTC,0.00287421898,4947.536841223,0.11121344974256392
2015-09-19 00:00:00 UTC,0.002860850721,4924.52538859335,0.0
2015-09-20 00:00:00 UTC,0.002770222997,4768.52335588595,0.12620319941433106
2015-09-21 00:00:00 UTC,0.002724227184,4689.3484631784,3.3001655880097642
2015-09-22 00:00:00 UTC,0.002765493693,4760.38256844555,1.5727689942373584
2015-09-23 00:00:00 UTC,0.002765285574,4760.0243228049,0.545464295986477
2015-09-24 00:00:00 UTC,0.002963836085,5101.79924491475,7.354037541623272
2015-09-25 00:00:00 UTC,0.002826769701,4865.86002481635,0.534658949162754
2015-09-26 00:00:00 UTC,0.00282258718,4858.660442293,6.041085318461735
2015-09-27 00:00:00 UTC,0.002798673094,4817.4959303569,5.91727009912469
2015-09-28 00:00:00 UTC,0.002711002745,4666.58457510575,2.2670393836672784
2015-09-29 00:00:00 UTC,0.002685400584,4622.5142952684,0.6198296430527543
2015-09-30 00:00:00 UTC,0.002891567175,4977.39915668625,0.5816820375443942
2015-10-01 00:00:00 UTC,0.002883735254,4963.9176794729,6.64532308938518
2015-10-02 00:00:00 UTC,0.002695265648,4639.4955231848,4.176549030445297
2015-10-03 00:00:00 UTC,0.002745785982,4726.4587001157,3.706006807061229
2015-10-04 00:00:00 UTC,0.002415204792,4157.4127687092,152.35228257776203
2015-10-05 00:00:00 UTC,0.002285479338,3934.1098584663,44.75718880982337
2015-10-06 00:00:00 UTC,0.00199866084,3440.394836934,88.69154322037386
2015-10-07 00:00:00 UTC,0.001704992529,2934.88888979415,7.592987015064354
2015-10-08 00:00:00 UTC,0.001710021632,2943.5457362432,1.7596909025559473
2015-10-09 00:00:00 UTC,0.002029344381,3493.21195023435,3.756526931409656
2015-10-10 00:00:00 UTC,0.001965020409,3382.48788103215,1.3393417926944953
2015-10-11 00:00:00 UTC,0.002034772224,3502.5551677824,1.7473614235442123
2015-10-12 00:00:00 UTC,0.00186630236,3212.559567386,3.493671110183169
2015-10-13 00:00:00 UTC,0.00187053825,3219.8510166375,13.599654275984442
2015-10-14 00:00:00 UTC,0.001811827452,3118.7891845002,29.235986748767466
2015-10-15 00:00:00 UTC,0.001670355088,2875.2657307288,22.915719384669647
2015-10-16 00:00:00 UTC,0.001912702815,3292.43099060025,41.393389084413705
2015-10-17 00:00:00 UTC,0.001765480838,3039.0104404913,0.6031342239391339
2015-10-18 00:00:00 UTC,0.00173599239,2988.2505005265,2.800471174017899
2015-10-19 00:00:00 UTC,0.0018494658,3183.57795483,6.257340619766047
2015-10-20 00:00:00 UTC,0.0018242982,3140.25570657,2.930274530145533
2015-10-21 00:00:00 UTC,0.001740961924,2996.8048078774,29.70605905471362
2015-10-22 00:00:00 UTC,0.00197246133,3395.2963103955,21.06075894420535
2015-10-23 00:00:00 UTC,0.001814120136,3122.7356961036,15.266809558949939
2015-10-24 00:00:00 UTC,0.001850536164,3185.4204259014,7.301724509241725
2015-10-25 00:00:00 UTC,0.00185656348,3195.795546298,6.578287141839638
2015-10-26 00:00:00 UTC,0.001550351337,2668.69727394495,10.165181953184552
2015-10-27 00:00:00 UTC,0.00148878747,2562.7243114845,22.217957415108064
2015-10-28 00:00:00 UTC,0.001521219366,2618.5509556641,25.10877228890922
2015-10-29 00:00:00 UTC,0.001447112653,2490.98736524155,11.566308121301066
2015-10-30 00:00:00 UTC,0.001782129282,3067.6682395707,15.189576514616745
2015-10-31 00:00:00 UTC,0.001461462444,2515.6883779794,2.163992791800163
2015-11-01 00:00:00 UTC,0.001524236399,2623.74432541865,0.8059098593941059
2015-11-02 00:00:00 UTC,0.001662639372,2861.9842829922,1.176839361106248
2015-11-03 00:00:00 UTC,0.00215047926,3701.727474201,0.4338416499983439
2015-11-04 00:00:00 UTC,0.001944965828,3347.9669280278,0.7862475009683053
2015-11-05 00:00:00 UTC,0.00184253176,3171.642045076,1.4258799235443667
2015-11-06 00:00:00 UTC,0.00181566262,3125.390850937,0.24691948893802249
2015-11-07 00:00:00 UTC,0.001993359,3431.26851465,82.65716410763716
2015-11-08 00:00:00 UTC,0.00192066534,3306.137283009,5.5257100129285295
2015-11-09 00:00:00 UTC,0.00181947832,3131.959006132,8.023376749491394
2015-11-10 00:00:00 UTC,0.00154624707,2661.6323939445,101.6099111310555
2015-11-11 00:00:00 UTC,0.00140140214,2412.303573689,1.160013757582849
2015-11-12 00:00:00 UTC,0.00153769525,2646.9117185875,1.854774901100808
2015-11-13 00:00:00 UTC,0.0015350426,2642.34557951,1.0994581634293308
2015-11-14 00:00:00 UTC,0.00162103989,2790.3770146515,2.635584080625892
2015-11-15 00:00:00 UTC,0.0014902506,2565.24287031,3.690689536895965
2015-11-16 00:00:00 UTC,0.00155073204,2669.352597054,1.7475832154973365
2015-11-17 00:00:00 UTC,0.00153480838,2641.942404913,7.089449248552926
2015-11-18 00:00:00 UTC,0.00156318302,2690.785091477,2.354367434853599
2015-11-19 00:00:00 UTC,0.00150412416,2589.124122816,3.9955820060791782
2015-11-20 00:00:00 UTC,0.00146887569,2528.4491689815,3.6596630674120685
2015-11-21 00:00:00 UTC,0.00153475048,2641.842738748,2.604289367086497
2015-11-22 00:00:00 UTC,0.00174956695,3011.6170693825,12.323347335353038
2015-11-23 00:00:00 UTC,0.00162060158,2789.622529733,2.2136137560365645
2015-11-24 00:00:00 UTC,0.00160629458,2764.995175283,3.6754508431765
2015-11-25 00:00:00 UTC,0.00164491,2831.4658285,3.5080371100808856
2015-11-26 00:00:00 UTC,0.0017171009,2955.731634215,0.9562356433026542
2015-11-27 00:00:00 UTC,0.00170171214,2929.242192189,1.7419952519803987
2015-11-28 00:00:00 UTC,0.0016385752,2820.56142052,1.8137080122243612
2015-11-29 00:00:00 UTC,0.00171255968,2947.914605168,1.895600039002414
2015-11-30 00:00:00 UTC,0.0018988903,3268.654817905,2.101845891140743
2015-12-01 00:00:00 UTC,0.0016609665,2859.104684775,1.8384925202616607
2015-12-02 00:00:00 UTC,0.0016398074,2822.68246799,1.8150719111852773
2015-12-03 00:00:00 UTC,0.00164955978,2839.469727303,1.8258666368373295
2015-12-04 00:00:00 UTC,0.00165784519,2853.7318178065,1.8350376010393776
2015-12-05 00:00:00 UTC,0.00178524765,3073.0360423275,1.9760569832923824
2015-12-06 00:00:00 UTC,0.00180063027,3099.5149152645,1.9930837155064443
2015-12-07 00:00:00 UTC,0.00180220235,3102.2210151725,1.9948238212347975
2015-12-08 00:00:00 UTC,0.0018870901,3248.342543635,22.74348187691206
2015-12-09 00:00:00 UTC,0.0020242348,3484.41657298,19.825445664083077
2015-12-10 00:00:00 UTC,0.0019094478,3286.82797053,0.14730040565003416
2015-12-11 00:00:00 UTC,0.00206753655,3558.9540403425,55.929452885382304
2015-12-12 00:00:00 UTC,0.00198750671,3421.1946752585,5.286625698323963
2015-12-13 00:00:00 UTC,0.00199167455,3428.3689866425,8.501094796664907
2015-12-14 00:00:00 UTC,0.00206123805,3548.1121173675,0.8316765388404627
2015-12-15 00:00:00 UTC,0.0021389954,3681.95973179,4.914489042598442
2015-12-16 00:00:00 UTC,0.00207438698,3570.746028023,2.66955982452167
2015-12-17 00:00:00 UTC,0.00222758824,3834.459016924,7.733741699340705
2015-12-18 00:00:00 UTC,0.002203126,3792.3509401,0.6592073979967572
2015-12-19 00:00:00 UTC,0.00224557758,3865.424967333,1.6232757298016185
2015-12-20 00:00:00 UTC,0.00202037082,3477.765311007,1.7036922160267873
2015-12-21 00:00:00 UTC,0.00208834893,3594.7794306555,4.499288933064333
2015-12-22 00:00:00 UTC,0.00201541494,3469.234506969,10.825389995959085
2015-12-23 00:00:00 UTC,0.002214105,3811.24964175,2.232817713322918
2015-12-24 00:00:00 UTC,0.00210167034,3617.710239759,0.5594123219326997
2015-12-25 00:00:00 UTC,0.00208729836,3592.971031986,0.2934743655348722
2015-12-26 00:00:00 UTC,0.00191028136,3288.262819036,0.7117608079938892
2015-12-27 00:00:00 UTC,0.002119625,3648.61649375,2.4831992437939325
2015-12-28 00:00:00 UTC,0.00210354,3620.928579,0.676561447773972
2015-12-29 00:00:00 UTC,0.00202248072,3481.397187372,12.485482180431335
2015-12-30 00:00:00 UTC,0.00199320737,3431.0075063495,2.1838961696665784
2015-12-31 00:00:00 UTC,0.00197030523,3391.5849076605,14.760299435247195
2016-01-01 00:00:00 UTC,0.00197664285,3402.4941698475,28.2582982196796
2016-01-02 00:00:00 UTC,0.001954467,3364.32177045,2.2822588171862206
2016-01-03 00:00:00 UTC,0.0018498514,3184.24170739,2.8988486912836886
2016-01-04 00:00:00 UTC,0.00185986086,3201.471491361,5.940669461153102
2016-01-05 00:00:00 UTC,0.0017371023,2990.161044105,2.502406530376473
2016-01-06 00:00:00 UTC,0.00173399886,2984.818937661,7.93642571773842
2016-01-07 00:00:00 UTC,0.00183486468,3158.444316918,3.947869034868565
2016-01-08 00:00:00 UTC,0.001827879126,3146.4197335401,3.5738054770069154
2016-01-09 00:00:00 UTC,0.00179932309,3097.2648009715,7.9911132624474615
2016-01-10 00:00:00 UTC,0.00179777214,3094.595073189,15.889543037772222
2016-01-11 00:00:00 UTC,0.00180236298,3102.497515623,41.58326708479902
2016-01-12 00:00:00 UTC,0.00180991552,3115.498080352,34.17463947886616
2016-01-13 00:00:00 UTC,0.00207704728,3575.325335428,4.237478061354117
2016-01-14 00:00:00 UTC,0.00176418873,3036.7862703855,1.2394787409176482
2016-01-15 00:00:00 UTC,0.0015002392,2582.43674692,0.049919317532942487
2016-01-16 00:00:00 UTC,0.0015777333,2715.831215955,0.0
2016-01-17 00:00:00 UTC,0.0015840596,2726.72099246,0.0
2016-01-18 00:00:00 UTC,0.0015790412,2718.08256962,0.0
2016-01-19 00:00:00 UTC,0.0015539615,2674.911628025,0.0
2016-01-20 00:00:00 UTC,0.0017172768,2956.03441968,0.0
2016-01-21 00:00:00 UTC,0.0016720415,2878.168636025,0.0
2016-01-22 00:00:00 UTC,0.001546561,2662.17277735,0.0
2016-01-23 00:00:00 UTC,0.0015975281,2749.904994935,0.0
2016-01-24 00:00:00 UTC,0.0016525296,2844.58182696,0.0
2016-01-25 00:00:00 UTC,0.0016085366,2768.85447641,0.0
2016-01-26 00:00:00 UTC,0.0016090696,2769.77195596,0.0
2016-01-27 00:00:00 UTC,0.0016174131,2784.134039685,0.0
2016-01-28 00:00:00 UTC,0.0015561632,2678.70152432,0.0
2016-01-29 00:00:00 UTC,0.00155677,2679.7460395,0.0
2017-07-12 00:00:00 UTC,0.010415,48433.7077,1134.0
2017-07-13 00:00:00 UTC,0.009412,43769.37656,5271.0
2017-07-14 00:00:00 UTC,0.009946,46252.67948,1249.0
2017-07-15 00:00:00 UTC,0.01022,47526.8836,1705.0
2017-07-16 00:00:00 UTC,0.011502,53488.67076,2670.0
2017-07-17 00:00:00 UTC,0.014356,66760.85528,2661.0
2017-07-18 00:00:00 UTC,0.010915,50758.8977,2369.0
2017-07-19 00:00:00 UTC,0.010733,49912.52854,3062.0
2017-07-20 00:00:00 UTC,0.01237,57525.2006,4377.0
2017-07-21 00:00:00 UTC,0.008515,39597.9857,3151.0
2017-07-22 00:00:00 UTC,0.01288,59896.8944,712.0
2017-07-23 00:00:00 UTC,0.012325,57315.9335,2194.0
2017-07-24 00:00:00 UTC,0.00993,46178.2734,1616.0
2017-07-25 00:00:00 UTC,0.011883,55260.46554,0.0
2017-07-26 00:00:00 UTC,0.007923,36844.96074,664.0
2017-07-27 00:00:00 UTC,0.010614,49359.13332,0.0
2017-07-28 00:00:00 UTC,0.010729,49893.92702,0.0
2017-07-29 00:00:00 UTC,0.009486,44113.50468,0.0
2017-07-30 00:00:00 UTC,0.010913,50749.59694,0.0
2017-07-31 00:00:00 UTC,0.008694,40430.40372,0.0
2017-08-01 00:00:00 UTC,0.006786,31557.47868,0.0
2017-08-02 00:00:00 UTC,0.006715,31227.3017,3067.0
2017-08-03 00:00:00 UTC,0.005601,26046.77838,0.0
2017-08-04 00:00:00 UTC,0.004055,18857.2909,0.0
2017-08-05 00:00:00 UTC,0.007225,33598.9955,11199.0
2017-08-06 00:00:00 UTC,0.00756,35156.8728,3384.0
2017-08-07 00:00:00 UTC,0.01016,47247.8608,0.0
2017-08-08 00:00:00 UTC,0.010256,47694.29728,7015.0
2017-08-09 00:00:00 UTC,0.013205,61408.2679,17762.0
2017-08-10 00:00:00 UTC,0.010275,47782.6545,11053.0
2017-08-11 00:00:00 UTC,0.012075,56153.3385,6901.0
2017-08-12 00:00:00 UTC,0.010051,46740.96938,1124.0
2017-08-13 00:00:00 UTC,0.010847,50442.67186,2783.0
2017-08-14 00:00:00 UTC,0.009158,42588.18004,0.0
2017-08-15 00:00:00 UTC,0.008353,38844.62414,0.0
2017-08-16 00:00:00 UTC,0.009329,43383.39502,3022.0
2017-08-17 00:00:00 UTC,0.009353,43495.00414,3030.0
2017-08-18 00:00:00 UTC,0.008619,40081.62522,833.0
2017-08-19 00:00:00 UTC,0.004214,19596.70132,0.0
2017-08-20 00:00:00 UTC,0.004148,19289.77624,0.0
2017-08-21 00:00:00 UTC,0.005586,25977.02268,0.0
2017-08-22 00:00:00 UTC,0.004102,19075.85876,0.0
2017-08-23 00:00:00 UTC,0.004164,19364.18232,0.0
2017-08-24 00:00:00 UTC,0.00422,19624.6036,527.0
2017-08-25 00:00:00 UTC,0.00422,19624.6036,527.0
2017-08-26 00:00:00 UTC,0.00422,19624.6036,527.0
2017-08-27 00:00:00 UTC,0.00422,19624.6036,527.0
2017-08-28 00:00:00 UTC,0.004335,20159.3973,648.0
2017-08-29 00:00:00 UTC,0.003565,16578.6047,669.0
2017-08-30 00:00:00 UTC,0.002336,10863.28768,518.0
2017-08-31 00:00:00 UTC,0.002336,10863.28768,518.0
2017-09-01 00:00:00 UTC,0.002336,10863.28768,518.0
2017-09-16 00:00:00 UTC,0.000777247,3614.49390386,3.70118
2017-09-17 00:00:00 UTC,0.000924434,4298.96938492,11.0932
2017-09-18 00:00:00 UTC,0.000945875,4398.6781825,11.3505
2017-09-19 00:00:00 UTC,0.000945875,4398.6781825,11.3505
2017-09-20 00:00:00 UTC,0.000945875,4398.6781825,11.3505
2017-09-21 00:00:00 UTC,0.000762287,3544.92421906,3.62994
2017-09-22 00:00:00 UTC,0.000751183,3493.28639954,3.57706
2017-09-23 00:00:00 UTC,0.000751183,3493.28639954,3.57706
2017-09-24 00:00:00 UTC,0.000751183,3493.28639954,3.57706
2017-09-25 00:00:00 UTC,0.000549436,2555.08618568,15.6982
2017-09-26 00:00:00 UTC,0.000778939,3622.36234682,120.736
2017-09-27 00:00:00 UTC,0.000843861,3924.27431718,4.2193
2017-09-28 00:00:00 UTC,0.000671548,3122.95338824,4.19718
2017-09-29 00:00:00 UTC,0.000668187,3107.32346106,154.518
2017-09-30 00:00:00 UTC,0.000684704,3184.13378752,0.0
2017-10-01 00:00:00 UTC,0.000921695,4286.2319941,100.947
2017-10-02 00:00:00 UTC,0.00057138,2657.1341244,57.138
2017-10-03 00:00:00 UTC,0.000776161,3609.44359118,21.56
2017-10-04 00:00:00 UTC,0.000548505,2550.7566819,4.21927
2017-10-05 00:00:00 UTC,0.000560781,2607.84474678,0.0
2017-10-06 00:00:00 UTC,0.000788702,3667.76400676,87.6336
2017-10-07 00:00:00 UTC,0.000357268,1661.43196184,44.6585
2017-10-08 00:00:00 UTC,0.000459792,2138.20752096,4.59792
2017-10-09 00:00:00 UTC,0.00306864,14270.3420832,652.087
2017-10-10 00:00:00 UTC,0.00180966,8415.6066708,71.4338
2017-10-11 00:00:00 UTC,0.00105955,4927.310129,158.932
2017-10-12 00:00:00 UTC,0.000704247,3275.01616386,222.109
2017-10-13 00:00:00 UTC,0.00056513,2628.0692494,118.677
2017-10-14 00:00:00 UTC,0.000175467,815.98822746,11.6978
2017-10-15 00:00:00 UTC,0.000284062,1320.99624356,5.68125
2017-10-16 00:00:00 UTC,0.00115593,5375.5137534,5.77964
2017-10-17 00:00:00 UTC,0.00112171,5216.3777498,5.60853
2017-10-18 00:00:00 UTC,0.00109671,5100.1182498,0.0
2017-10-19 00:00:00 UTC,0.00109671,5100.1182498,0.0
2017-10-20 00:00:00 UTC,0.00109671,5100.1182498,0.0
2017-10-21 00:00:00 UTC,0.00109671,5100.1182498,0.0
2017-10-22 00:00:00 UTC,0.00102066,4746.4568508,12.0078
2017-10-23 00:00:00 UTC,0.00102285,4756.641183,0.0
2017-10-24 00:00:00 UTC,0.00102285,4756.641183,0.0
2017-10-25 00:00:00 UTC,0.000286476,1332.22226088,22.9181
2017-10-26 00:00:00 UTC,0.00100877,4691.1638326,0.0
2017-10-27 00:00:00 UTC,0.00100877,4691.1638326,0.0
2017-10-28 00:00:00 UTC,0.000287086,1335.05899268,5.74171
2017-10-29 00:00:00 UTC,0.000993189,4618.70626182,6.20743
2017-10-30 00:00:00 UTC,0.000122305,568.7647259,36.6916
2017-10-31 00:00:00 UTC,0.000128567,597.88540546,19.2851
2017-11-01 00:00:00 UTC,0.000267671,1244.77186498,46.8424
2017-11-02 00:00:00 UTC,0.000423438,1969.14760644,7.05731
2017-11-03 00:00:00 UTC,0.0881514,346905.8186274,1860.33
2017-11-04 00:00:00 UTC,0.0895776,352770.8316384,6866.24
2017-11-05 00:00:00 UTC,0.103163,406564.454533,5075.97
2017-11-06 00:00:00 UTC,0.0974991,384518.9980611,8226.29
2017-11-07 00:00:00 UTC,0.0818148,322817.2290636,6114.33
2017-11-08 00:00:00 UTC,0.090524,357516.119268,8010.85
2017-11-09 00:00:00 UTC,0.0771391,304869.9995501,7269.31
2017-11-10 00:00:00 UTC,0.0776555,307132.3947965,2271.12
2017-11-11 00:00:00 UTC,0.0875492,346491.8054052,5172.87
2017-11-12 00:00:00 UTC,0.0743823,294603.5209941,3064.94
2017-11-13 00:00:00 UTC,0.0936906,371334.9167802,5508.27
2017-11-14 00:00:00 UTC,0.0660537,261978.6840939,2421.39
2017-11-15 00:00:00 UTC,0.0310875,123385.0750875,328.377
2017-11-16 00:00:00 UTC,0.0708671,281295.8273153,1195.01
2017-11-17 00:00:00 UTC,0.0463821,184345.0534827,333.156
2017-11-18 00:00:00 UTC,0.0487681,193966.9734773,1037.12
2017-11-19 00:00:00 UTC,0.0611771,243493.6063253,4619.48
2017-11-20 00:00:00 UTC,0.0486306,193688.0447958,544.515
2017-11-21 00:00:00 UTC,0.0511053,203695.0447923,2833.23
2017-11-22 00:00:00 UTC,0.054772,218444.264684,3864.13
2017-11-23 00:00:00 UTC,0.0606206,241931.661849,1411.69
2017-11-24 00:00:00 UTC,0.0696565,278176.0886665,4671.11
2017-11-25 00:00:00 UTC,0.0589367,235519.4811481,4220.98
2017-11-26 00:00:00 UTC,0.0630136,251990.6932504,5118.27
2017-11-27 00:00:00 UTC,0.0819805,327969.6306705,4855.63
2017-11-28 00:00:00 UTC,0.0631426,252621.1035078,1346.4
2017-11-29 00:00:00 UTC,0.0347457,139189.4326779,5957.73
2017-11-30 00:00:00 UTC,0.0369638,148176.8959514,802.971
2017-12-01 00:00:00 UTC,0.0666016,267175.4486752,181.123
2017-12-02 00:00:00 UTC,0.0414458,166377.1597598,1327.92
2017-12-03 00:00:00 UTC,0.0399431,160456.6652461,216.627
2017-12-04 00:00:00 UTC,0.0455067,182928.9703275,507.559
2017-12-05 00:00:00 UTC,0.0442613,178046.1692995,377.178
2017-12-06 00:00:00 UTC,0.0448463,180513.9365247,341.738
2017-12-07 00:00:00 UTC,0.0380383,153228.8850857,145.551
2017-12-08 00:00:00 UTC,0.0204961,82618.1189159,321.253
2017-12-09 00:00:00 UTC,0.0449422,181158.3678818,150.793
2017-12-10 00:00:00 UTC,0.0484203,195178.3072557,55.482
2017-12-11 00:00:00 UTC,0.128466,518938.535466,862.104
2017-12-12 00:00:00 UTC,0.100998,408265.528374,1097.38
2017-12-13 00:00:00 UTC,0.067843,274337.349687,392.323
2017-12-14 00:00:00 UTC,0.0566817,229444.2907431,181.959
2017-12-15 00:00:00 UTC,0.0529254,214388.1462294,47.4239
2017-12-16 00:00:00 UTC,0.0821741,333102.9861125,1224.39
2017-12-17 00:00:00 UTC,0.0777956,315572.9502772,576.864
2017-12-18 00:00:00 UTC,0.0909024,368895.8472672,211.952
2017-12-19 00:00:00 UTC,0.0711492,289011.6790092,453.352
2017-12-20 00:00:00 UTC,0.0640527,260364.1692261,346.74
2017-12-21 00:00:00 UTC,0.0671175,273015.3984525,465.614
2017-12-22 00:00:00 UTC,0.0635958,258865.4955798,88.0366
2017-12-23 00:00:00 UTC,0.116128,473027.0856,404.889
2017-12-24 00:00:00 UTC,0.0780607,318185.7952731,96.7484
2017-12-25 00:00:00 UTC,0.0640845,261264.6241065,304.42
2017-12-26 00:00:00 UTC,0.07365,300623.61255,125.917
2017-12-27 00:00:00 UTC,0.0714403,291803.9777755,283.424
2017-12-28 00:00:00 UTC,0.100128,409248.268128,211.719
2017-12-29 00:00:00 UTC,0.10863,443998.07613,1020.88
2017-12-30 00:00:00 UTC,0.0772551,315760.9847301,211.758
2017-12-31 00:00:00 UTC,0.0844697,345248.8657947,350.443
2018-01-01 00:00:00 UTC,0.0829311,338960.2214061,121.832
2018-01-02 00:00:00 UTC,0.113341,463253.115591,2050.69
2018-01-03 00:00:00 UTC,0.105051,429369.804801,594.525
2018-01-04 00:00:00 UTC,0.181451,741635.781201,2177.93
2018-01-05 00:00:00 UTC,0.234696,959261.460696,1969.48
2018-01-06 00:00:00 UTC,0.216606,885323.090106,853.813
2018-01-07 00:00:00 UTC,0.465028,1900686.158028,1786.58
2018-01-08 00:00:00 UTC,0.464708,1913857.609572,294.631
2018-01-09 00:00:00 UTC,0.24919,1026931.67601,115.533
2018-01-10 00:00:00 UTC,0.133019,548569.956943,887.371
2018-01-11 00:00:00 UTC,0.137997,569486.985579,1277.53
2018-01-12 00:00:00 UTC,0.294743,1217170.987543,693.247
2018-01-13 00:00:00 UTC,0.282609,1167862.757697,1559.55
2018-01-14 00:00:00 UTC,0.196353,811961.085483,1643.59
2018-01-15 00:00:00 UTC,0.240731,996140.304111,1006.79
2018-01-16 00:00:00 UTC,0.128363,531524.868585,1753.75
2018-01-17 00:00:00 UTC,0.184034,762573.036202,765.36
2018-01-18 00:00:00 UTC,0.0975675,404558.6628075,1084.05
2018-01-19 00:00:00 UTC,0.146388,607398.21318,391.805
2018-01-20 00:00:00 UTC,0.138278,574139.520626,309.083
2018-01-21 00:00:00 UTC,0.182733,759243.371889,763.875
2018-01-22 00:00:00 UTC,0.175383,729192.529845,217.029
2018-01-23 00:00:00 UTC,0.325246,1353185.007262,1093.78
2018-01-24 00:00:00 UTC,0.406589,1692775.159273,801.76
2018-01-25 00:00:00 UTC,0.169494,705664.031358,622.531
2018-01-26 00:00:00 UTC,0.143907,599943.246255,273.649
2018-01-27 00:00:00 UTC,0.229545,957437.015445,76.1608
2018-01-28 00:00:00 UTC,0.128676,537179.19354,438.685
2018-01-29 00:00:00 UTC,0.107978,451075.39555,1377.51
2018-01-30 00:05:21 UTC,0.201606,842172.171102,1328.85
2018-01-31 00:00:00 UTC,0.0828884,346500.9480604,481.439
2018-02-01 00:00:00 UTC,0.0989222,413805.906319,221.883
2018-02-02 00:00:00 UTC,0.116407,487263.754241,156.751
2018-02-03 00:00:00 UTC,0.0454421,190342.5517543,138.012
2018-02-04 00:00:00 UTC,0.148226,621255.335246,368.558
2018-02-05 00:00:00 UTC,0.0408297,171243.0690057,73.8936
2018-02-06 00:00:00 UTC,0.0547608,229825.327716,248.341
2018-02-07 00:00:00 UTC,0.0651684,273697.0485612,219.878
2018-02-08 00:05:18 UTC,0.0684212,287547.6877532,82.3266
2018-02-09 00:00:00 UTC,0.0505342,212520.0115398,650.814
2018-02-10 00:00:00 UTC,0.0593488,249757.7330864,216.711
2018-02-11 00:00:00 UTC,0.0465106,195861.2062554,454.294
2018-02-12 00:00:00 UTC,0.048714,205277.434734,107.207
2018-02-13 00:00:00 UTC,0.0531606,224154.2747694,37.4809
2018-02-14 00:00:00 UTC,0.0499055,210581.0980835,580.783
2018-02-15 00:00:00 UTC,0.0551152,232719.9085904,19.0205
2018-02-16 00:00:00 UTC,0.0585087,247213.2410793,45.2437
2018-02-17 00:00:00 UTC,0.0729812,308561.0834836,892.18
2018-02-18 00:00:00 UTC,0.100763,426313.037787,633.599
2018-02-19 00:00:00 UTC,0.0489563,207217.6737041,106.8
2018-02-20 00:00:00 UTC,0.0751809,318506.0630961,448.358
2018-02-21 00:00:00 UTC,0.101705,431156.887745,790.973
2018-02-22 00:00:00 UTC,0.110427,468772.001295,351.846
2018-02-23 00:00:00 UTC,0.111028,471313.971028,353.926
2018-02-24 00:00:00 UTC,0.0661931,281182.2652279,47.2935
2018-02-25 00:00:00 UTC,0.0676386,287507.8121742,210.102
2018-02-26 00:00:00 UTC,0.0717074,304965.9073154,671.709
2018-02-27 00:00:00 UTC,0.0715215,304266.9798645,395.767
2018-02-28 00:00:00 UTC,0.0727965,310044.1517145,1483.67
2018-03-01 00:00:00 UTC,0.0440956,187931.0817356,78.9608
2018-03-02 00:00:00 UTC,0.0663743,283064.5523553,123.575
2018-03-03 00:00:00 UTC,0.0669606,285750.5437458,285.272
2018-03-04 00:00:00 UTC,0.0481937,205800.9305919,125.815
2018-03-05 00:00:00 UTC,0.052023,222299.741415,383.853
2018-03-06 00:00:00 UTC,0.0450963,192830.3808147,97.0616
2018-03-07 00:00:00 UTC,0.0485229,207547.2427845,730.286
2018-03-08 00:00:00 UTC,0.0389775,166718.6556375,45.512
2018-03-09 00:00:00 UTC,0.034867,149136.793435,104.565
2018-03-10 00:00:00 UTC,0.0369789,158537.4562149,37.6058
2018-03-11 00:00:00 UTC,0.0439406,188508.2059014,159.956
2018-03-12 00:00:00 UTC,0.0347042,148981.0008002,68.437
2018-03-13 00:00:00 UTC,0.0402365,172846.7898415,326.883
2018-03-14 00:00:00 UTC,0.0356195,153112.3085835,100.062
2018-03-15 00:00:00 UTC,0.0328031,141085.4442349,237.179
2018-03-16 00:00:00 UTC,0.0486656,209465.25888,3759.14
2018-03-17 00:00:00 UTC,0.0320924,138221.6779684,145.63
2018-03-18 00:00:00 UTC,0.0383645,165343.5139225,1783.68
2018-03-19 00:00:00 UTC,0.0333307,143746.4098031,3033.72
2018-03-20 00:00:00 UTC,0.0221506,95592.132583,265.551
2018-03-21 00:00:00 UTC,0.0825015,356276.5401375,308.671
2018-03-22 00:00:00 UTC,0.0612011,264462.1321189,157.274
2018-03-23 00:00:00 UTC,0.0427103,184680.8320605,81.688
2018-03-24 00:00:00 UTC,0.0218391,94493.5707537,131.315
2018-03-25 00:00:00 UTC,0.0236099,102223.4771013,102.288
2018-03-26 00:00:00 UTC,0.0194525,84278.6759925,32.514
2018-03-27 00:00:00 UTC,0.0187216,81164.7072816,64.3727
2018-03-28 00:00:00 UTC,0.0244269,105968.0203461,683.993
2018-03-29 00:00:00 UTC,0.0238929,103718.7682923,84.6169
2018-03-30 00:00:00 UTC,0.0174307,75715.8407047,76.5265
2018-03-31 00:00:00 UTC,0.0288795,125528.8187595,120.531
2018-04-01 00:00:00 UTC,0.0273619,119010.7755833,386.94
2018-04-02 00:00:00 UTC,0.0206699,89951.4981889,257.745
2018-04-03 00:00:00 UTC,0.02122,92415.71006,32.1365
2018-04-04 00:00:00 UTC,0.0233673,101834.2026867,287.452
2018-04-05 00:00:00 UTC,0.0212232,92548.9208376,59.8767
2018-04-06 00:00:00 UTC,0.0233895,102058.8436065,67.7377
2018-04-07 00:00:00 UTC,0.0204883,89459.8877487,367.063
2018-04-08 00:00:00 UTC,0.0192893,84278.9831637,79.8844
2018-04-09 00:00:00 UTC,0.0191255,83617.5083965,41.7431
2018-04-10 00:00:00 UTC,0.0184613,80766.0275279,12.4842
2018-04-11 00:00:00 UTC,0.0172809,75636.1663785,31.7757
2018-04-12 00:00:00 UTC,0.0177104,77516.029896,18.2462
2018-04-13 00:00:00 UTC,0.0293872,128813.060696,472.268
2018-04-14 00:00:00 UTC,0.019424457218727265,85197.35928911582,66.7727613666811
2018-04-15 00:00:00 UTC,0.01480318470600917,64970.60035047072,41.744995755841515
2018-04-16 00:00:00 UTC,0.016951293385182947,74446.33431188538,35.124755827382664
2018-04-17 00:00:00 UTC,0.011434236568140103,50248.99893047761,13.307477592710375
2018-04-18 00:00:00 UTC,0.01674356539723657,73628.53957981222,39.34484926997162
2018-04-19 00:00:00 UTC,0.00747466195255862,32889.970150338675,251.74479566886438
2018-04-20 00:00:00 UTC,0.04757523735083392,209476.19639282662,480.6182632642185
2018-04-21 00:00:00 UTC,0.024029542854687728,105864.77026649794,543.8557170866236
2018-04-22 00:00:00 UTC,0.009089935182697855,40060.7896498435,198.11281825860618
2018-04-23 00:00:00 UTC,0.011770824201696587,51875.89381792493,132.19880109508517
2018-04-24 00:00:00 UTC,0.02261175101380438,99817.24584008502,650.073378066593
2018-04-25 00:00:00 UTC,0.012449652719599155,54992.49394613891,112.30558631514967
2018-04-26 00:00:00 UTC,0.015434212592835924,68219.45117352367,111.32660771704428
2018-04-27 00:00:00 UTC,0.013228556898877353,58507.512794935836,122.3370459718969
2018-04-28 00:00:00 UTC,0.016101676610097735,71260.69102133463,201.17455356515714
2018-04-29 00:00:00 UTC,0.030140053068820734,133474.77291447658,665.0914579330383
2018-04-30 00:00:00 UTC,0.1350032725919282,598219.6163424501,23260.196245231346
2018-05-01 00:00:00 UTC,0.08420393383325415,373375.8203444081,3282.229700461918
2018-05-02 00:00:00 UTC,0.08890661086229834,394459.1618482389,2526.1543017791028
2018-05-03 00:00:00 UTC,0.07698789544671585,341812.62892592425,759.650184264715
2018-05-04 00:00:00 UTC,0.08099372761494902,359758.1823012634,1196.7527102230624
2018-05-05 00:00:00 UTC,0.09460330869991072,420557.0221559704,2271.953747826145
2018-05-06 00:00:00 UTC,0.09199351187879728,409214.46290991834,1799.695200367358
2018-05-07 00:00:00 UTC,0.0725784520471123,323053.29470083315,3101.4606017703977
2018-05-08 00:00:00 UTC,0.08024445003230546,357366.49161872145,426.798576615971
2018-05-09 00:00:00 UTC,0.04833818606038017,215272.80648887946,729.6590055559141
2018-05-10 00:00:00 UTC,0.045441671587346896,202648.17960222,299.8331396478505
2018-05-11 00:00:00 UTC,0.05473843601342015,244262.4431135375,222.2532900356869
2018-05-12 00:00:00 UTC,0.038073635452957486,170005.97821455577,83.62201618932038
2018-05-13 00:00:00 UTC,0.041549944965874434,185645.69425681152,125.88908019119566
2018-05-14 00:00:00 UTC,0.03870621286522179,173049.09119528384,130.28127463652928
2018-05-15 00:00:00 UTC,0.037869851582423536,169417.4840177018,166.80340448732196
2018-05-16 00:00:00 UTC,0.04944981422194762,221362.0439147343,21.84979984452756
2018-05-17 00:00:00 UTC,0.03684905520628814,165058.3783251337,112.6009424588938
2018-05-18 00:00:00 UTC,0.04258227787906399,190859.77355514574,382.15257263017736
2018-05-19 00:00:00 UTC,0.054552257049982324,244653.28935716528,186.6932074458472
2018-05-20 00:00:00 UTC,0.03423473474233769,153638.33446405036,183.59467592492624
2018-05-21 00:00:00 UTC,0.04125012745023337,185237.9460784003,233.7707163859419
2018-05-22 00:00:00 UTC,0.03247162473422825,145909.26497414586,147.19988869192676
2018-05-23 00:00:00 UTC,0.03654696827837745,164324.19648074976,137.0878037574276
2018-05-24 00:00:00 UTC,0.03490127241765794,157023.02338720538,1738.8997448990383
2018-05-25 00:00:00 UTC,0.021549720213186324,97014.23288361904,266.29827543510316
2018-05-26 00:00:00 UTC,0.02200331228698866,99118.5188890084,176.87306418270416
2018-05-27 00:00:00 UTC,0.01640933629185125,73965.59202494456,339.6994694723786
2018-05-28 00:00:00 UTC,0.017188788729090885,77527.33292273397,209.14067226591624
2018-05-29 00:00:00 UTC,0.022796869622068523,102886.53561901457,384.1050509961031
2018-05-30 00:00:00 UTC,0.02860572913672334,129183.55859863003,139.4291475976061
2018-05-31 00:00:00 UTC,0.03041552077126923,137442.2939871476,73.87956784682436
2018-06-01 00:00:00 UTC,0.017062344305824515,77119.7317186658,58.85705472982642
