,Nakamoto_coef_of_mining,active_addresses_count,active_clusters_count,gini_coef_of_clusters_wealth,time
0,509,1000,2,0.685906976744186,2011-10-13 03:47:04
1,509,1006,5,0.7429718,2011-10-13 04:32:05
2,510,1000,1,0.7647321065375303,2011-10-13 05:14:21
3,511,1013,6,0.7807674465145631,2011-10-13 05:55:39
4,511,1074,6,0.7989061544719864,2011-10-13 07:05:03
5,511,1582,28,0.8471829585100599,2011-10-13 07:54:01
6,511,1046,7,0.8555950031583477,2011-10-13 09:45:40
7,511,1023,4,0.8633983530536211,2011-10-13 11:35:36
8,510,1088,17,0.8623807304436204,2011-10-13 18:59:36
9,511,1140,18,0.8621385020136054,2011-10-14 02:04:19
10,511,1443,83,0.8652541367180687,2011-10-15 06:18:51
11,511,2168,171,0.8634729567085471,2011-10-16 10:36:26
12,511,5891,256,0.8899806515480757,2011-10-17 15:52:10
13,511,4414,247,0.890535226283082,2011-10-18 21:34:03
14,511,3786,246,0.8930940039387126,2011-10-20 09:14:27
15,511,4402,228,0.8937068562141274,2011-10-21 12:16:19
16,500,3957,255,0.8964015841415524,2011-10-22 22:05:34
17,511,3613,230,0.8978340195101934,2011-10-24 03:39:41
18,511,4376,249,0.9029461199527293,2011-10-26 00:16:12
19,511,5709,250,0.9066238914381874,2011-10-28 00:16:55
20,511,4744,248,0.9124774758200493,2011-10-29 22:38:44
21,511,4917,253,0.9101616228326141,2011-10-31 09:55:52
22,503,4639,281,0.909682383570357,2011-11-01 15:34:05
23,507,3825,271,0.9120888955142141,2011-11-02 10:19:16
24,503,4000,263,0.9139681201906273,2011-11-03 12:59:14
25,507,3954,253,0.915332209828225,2011-11-04 11:49:18
26,498,4517,296,0.9176644223691446,2011-11-06 01:23:56
27,502,4410,266,0.9183247984098779,2011-11-07 15:48:50
28,506,4841,290,0.9220665779140271,2011-11-09 11:26:26
29,511,4628,277,0.9240584042298837,2011-11-11 09:41:19
30,511,4625,505,0.9298447577954635,2011-11-13 02:36:40
31,511,4544,349,0.9316785586552033,2011-11-14 20:52:38
32,511,27258,5543,0.9796996872063398,2011-11-16 12:57:51
33,511,48823,16432,0.9922228974130669,2011-11-18 04:47:11
34,511,11322,3026,0.9929709460222951,2011-11-19 20:55:57
35,511,4279,487,0.9928337388966886,2011-11-21 10:39:36
36,511,5266,422,0.9929048096369766,2011-11-23 05:29:02
37,511,4496,392,0.9929352290675573,2011-11-25 01:05:56
38,511,4472,383,0.9930247110465206,2011-11-26 18:34:24
39,511,4250,374,0.993140876862289,2011-11-28 11:07:53
40,398,3407,357,0.9931832294460021,2011-11-30 03:13:00
41,239,3057,226,0.9932432566552375,2011-12-01 13:34:41
42,397,3041,237,0.9933416040032932,2011-12-02 21:50:48
43,325,3139,318,0.9934222557703809,2011-12-04 04:21:38
44,408,3121,239,0.9935705768353844,2011-12-05 23:43:49
45,303,4370,232,0.9939702147284853,2011-12-07 15:36:02
46,297,3286,242,0.9942978839347826,2011-12-09 13:24:07
47,270,2726,214,0.9942583987878135,2011-12-11 06:30:04
48,246,2815,227,0.9943357256551999,2011-12-13 01:12:08
49,408,3181,246,0.994315803583474,2011-12-15 14:11:15
50,497,2799,213,0.9942738472811595,2011-12-17 06:39:50
51,496,2781,221,0.9943858491311549,2011-12-18 22:21:38
52,487,3034,216,0.9944743263988379,2011-12-20 18:17:49
53,492,2750,199,0.9943289996265554,2011-12-22 06:52:49
54,485,3260,255,0.9943456993437559,2011-12-24 06:27:24
55,476,3760,281,0.9942841462113314,2011-12-27 13:44:25
56,496,3044,232,0.9941458921125004,2011-12-29 08:38:51
57,499,2576,179,0.994222517197482,2011-12-30 04:05:12
58,504,2572,143,0.9942202234470369,2011-12-31 09:21:18
59,498,2839,144,0.9944250760349032,2012-01-02 04:02:46
60,510,2988,136,0.9945690807818445,2012-01-03 18:56:36
61,511,2776,123,0.9945919770424434,2012-01-05 07:23:20
62,509,3079,138,0.9946293210202175,2012-01-07 02:04:15
63,413,3466,156,0.9945726351065018,2012-01-10 14:11:26
64,420,3181,137,0.9945920988087814,2012-01-13 02:54:26
65,480,2413,103,0.9946195931010371,2012-01-14 02:09:20
66,511,2664,113,0.9946375246548014,2012-01-15 18:26:38
67,511,3512,127,0.9947050461044893,2012-01-19 16:35:21
68,511,2859,113,0.9944681944248678,2012-01-23 04:00:11
69,511,2745,90,0.9943243299912481,2012-01-25 04:56:25
70,511,2573,82,0.9941189328446862,2012-01-26 20:40:45
71,511,2881,86,0.9942217582464365,2012-01-28 08:51:47
72,511,2571,88,0.994193313749522,2012-01-29 09:11:43
73,511,2240,75,0.9942540387463874,2012-01-30 08:03:22
74,510,2730,80,0.9943672497894115,2012-02-01 00:52:23
75,487,3271,210,0.9945333887405389,2012-02-02 19:43:27
76,460,3122,197,0.994590885548077,2012-02-04 04:03:49
77,460,2926,187,0.9944817866446894,2012-02-05 07:20:20
78,465,3332,190,0.9945025152329298,2012-02-06 16:43:23
79,470,3486,201,0.9944999168130294,2012-02-08 07:51:53
80,477,3685,198,0.9944633379019799,2012-02-10 00:46:21
81,469,3494,203,0.9944330877910909,2012-02-11 18:41:44
82,472,3324,79,0.9944780314722909,2012-02-13 09:03:55
83,485,3304,84,0.9942981684392593,2012-02-15 00:54:28
84,479,3069,80,0.9942927252953628,2012-02-16 17:19:53
85,468,3178,76,0.9943043080936824,2012-02-18 09:44:07
86,445,3128,64,0.9943888828960687,2012-02-20 00:46:52
87,462,3113,78,0.9944766798102084,2012-02-21 16:48:04
88,487,3044,65,0.9944782078931942,2012-02-23 08:58:36
89,476,3450,70,0.9943450460282649,2012-02-25 04:47:28
90,340,2678,62,0.9942206397811298,2012-02-26 20:36:11
91,282,2829,74,0.9941994462160451,2012-02-29 02:19:15
92,333,3089,76,0.9943241346080709,2012-03-02 04:57:04
93,360,2847,62,0.994313840930055,2012-03-03 11:30:36
94,92,2107,57,0.994363441423992,2012-03-04 12:49:46
95,108,2230,59,0.9944669552576891,2012-03-06 09:34:19
96,312,3153,65,0.9944910665610673,2012-03-09 00:47:20
97,503,3198,65,0.9944482165622169,2012-03-11 14:12:39
98,505,2956,71,0.9944256599526841,2012-03-13 16:02:38
99,502,3033,179,0.9943622044350405,2012-03-14 23:11:26
100,496,3528,183,0.9943040950462801,2012-03-16 13:40:33
101,458,2676,65,0.9943757342400545,2012-03-18 05:29:54
102,435,2838,59,0.9943405369986674,2012-03-19 16:45:48
103,415,2947,65,0.9943313946872248,2012-03-21 02:23:07
104,381,2753,56,0.9943821692761194,2012-03-22 14:14:08
105,382,3029,54,0.9942714213318017,2012-03-24 11:51:31
106,373,2737,52,0.9942899191343403,2012-03-26 12:42:53
107,365,2773,51,0.9942711137104286,2012-03-28 06:22:29
108,361,2593,49,0.9941081353159367,2012-03-29 21:45:11
109,371,2820,56,0.9941568526166968,2012-03-31 15:06:18
110,380,2763,45,0.9941296441379296,2012-04-02 08:20:47
111,394,2691,45,0.9940794872176509,2012-04-04 04:56:31
112,397,2915,52,0.9941146620903022,2012-04-06 05:45:26
113,381,2564,48,0.9941293701666496,2012-04-07 22:29:04
114,347,2545,47,0.9941364038239482,2012-04-09 12:49:20
115,384,2719,55,0.9940990132858902,2012-04-11 02:15:09
116,386,2829,50,0.994104266222603,2012-04-12 21:36:04
117,390,2844,45,0.994162894746513,2012-04-14 15:52:43
118,420,2669,39,0.9940833248813797,2012-04-16 10:07:12
119,402,2649,45,0.9940108501108099,2012-04-18 05:53:15
120,391,2657,47,0.9940786688277243,2012-04-20 01:41:51
121,456,2390,47,0.9940854373235987,2012-04-21 23:49:40
122,506,2520,40,0.9940652897324673,2012-04-23 20:26:10
123,509,2585,39,0.9939612008271853,2012-04-25 12:31:24
124,507,2956,42,0.9938853998018103,2012-04-27 17:34:16
125,507,2691,40,0.9937598843334821,2012-04-29 16:07:53
126,506,3000,42,0.9936461086119917,2012-05-01 09:52:34
127,504,3151,43,0.9936153040435112,2012-05-02 23:01:01
128,511,2962,42,0.9936649138599469,2012-05-04 21:19:34
129,511,2696,40,0.9936142455482614,2012-05-06 20:16:50
130,511,2628,41,0.9935325137035712,2012-05-08 15:03:27
131,508,2766,42,0.9934562461853951,2012-05-10 09:12:31
132,509,2739,40,0.9933622989497041,2012-05-12 02:49:24
133,497,2546,40,0.9933084817350628,2012-05-13 21:26:46
134,501,2955,45,0.9933572025778653,2012-05-15 14:12:25
135,502,3029,41,0.9932617929490795,2012-05-17 14:16:05
136,500,3042,39,0.9932137164788418,2012-05-19 16:56:57
137,500,2797,39,0.9931479208856363,2012-05-21 08:19:35
138,503,3120,39,0.9931004848505017,2012-05-22 22:59:28
139,502,2916,38,0.993029361486671,2012-05-24 13:32:04
140,509,3047,37,0.9930033817925388,2012-05-26 00:59:05
141,498,3082,36,0.9929722306386116,2012-05-27 23:12:04
142,508,3306,37,0.9930175200532659,2012-05-29 23:01:14
143,511,2863,33,0.9930889975462639,2012-05-31 15:46:00
144,511,2832,32,0.9930540708036503,2012-06-02 12:08:40
145,470,2915,34,0.9929976045352881,2012-06-04 05:24:10
146,470,2988,31,0.9931002408239255,2012-06-05 21:23:04
147,485,2867,33,0.9931098373920455,2012-06-07 12:12:38
148,481,2892,30,0.9930896104150654,2012-06-09 04:35:23
149,495,3074,31,0.9930516191863179,2012-06-10 21:07:30
150,489,2915,28,0.993025809342581,2012-06-12 15:45:00
151,481,2940,33,0.9930656814833955,2012-06-14 07:37:51
152,482,2938,32,0.9931035079388526,2012-06-15 22:35:41
153,483,2855,31,0.9931198782723443,2012-06-17 16:59:47
154,477,2745,30,0.9931253497128674,2012-06-19 12:01:48
155,472,2879,28,0.993123211404981,2012-06-21 07:52:14
156,489,3054,31,0.9931921675024037,2012-06-22 22:08:43
157,482,3046,31,0.9931674280061155,2012-06-24 08:00:25
158,481,3020,29,0.9932212093519377,2012-06-25 12:58:13
159,490,2862,31,0.9932973651913924,2012-06-26 22:49:37
160,474,2884,30,0.993249301727517,2012-06-28 11:54:52
161,463,3001,32,0.9932292385974286,2012-06-29 23:29:02
162,453,2617,26,0.9932332534039139,2012-07-01 13:45:37
163,449,2879,29,0.9932108583924775,2012-07-03 04:31:57
164,472,3520,31,0.9932096261263987,2012-07-04 15:19:18
165,468,2986,38,0.9930844426023863,2012-07-05 23:15:54
166,468,2788,31,0.9930095272862546,2012-07-07 04:25:33
167,479,3475,33,0.9930681549058857,2012-07-08 08:47:37
168,482,3771,39,0.9932864562944979,2012-07-09 07:10:04
169,506,4207,41,0.9935875132542213,2012-07-10 14:55:23
170,486,3275,35,0.9934275739921036,2012-07-12 08:35:02
171,498,3362,33,0.9933797710289173,2012-07-14 05:28:56
172,500,3261,23,0.9933303608752977,2012-07-15 19:25:59
173,498,4077,24,0.9933415013951756,2012-07-17 10:19:55
174,493,4007,30,0.9933095729283312,2012-07-18 23:26:32
175,490,3775,27,0.9931806002340274,2012-07-20 14:39:14
176,482,3123,25,0.9931306977558853,2012-07-22 05:18:51
177,495,3816,24,0.9931988367431223,2012-07-23 19:22:36
178,499,4024,32,0.9933083353741096,2012-07-25 06:42:05
179,494,4058,33,0.9931808772520376,2012-07-26 22:46:59
180,469,3885,27,0.9931548644285446,2012-07-28 12:25:28
181,465,3634,31,0.9932794479921796,2012-07-30 00:20:14
182,495,5117,34,0.9929157671782957,2012-07-31 10:24:16
183,485,5463,30,0.9929989917059321,2012-08-02 01:32:11
184,484,4207,29,0.9930827024792875,2012-08-03 18:09:50
185,490,5876,32,0.9930999734972417,2012-08-05 15:27:34
186,499,4183,29,0.9931077814259455,2012-08-07 19:18:18
187,496,3942,25,0.9931544104819496,2012-08-09 17:00:57
188,469,3346,22,0.9930982661149955,2012-08-11 10:35:44
189,466,3817,30,0.993072456061358,2012-08-13 03:06:54
190,463,3395,21,0.9931544194339439,2012-08-14 20:16:03
191,447,3732,29,0.9930036099057308,2012-08-16 12:37:09
192,454,3866,25,0.9929364503431719,2012-08-18 10:52:53
193,462,4093,28,0.9927909360421668,2012-08-20 05:19:10
194,460,3694,22,0.9927910315997689,2012-08-21 22:15:00
195,459,3406,23,0.9926683615932868,2012-08-23 20:38:24
196,448,3841,25,0.9927415274761684,2012-08-25 12:20:42
197,450,3467,21,0.9926447795310328,2012-08-27 03:27:05
198,422,4444,22,0.9926446550055418,2012-08-28 23:30:37
199,466,3624,20,0.9925278565192778,2012-08-30 14:07:47
200,455,4215,22,0.9925365878061035,2012-09-01 07:02:17
201,458,6474,20,0.9924290954526992,2012-09-02 22:15:32
202,465,8718,22,0.992481036963231,2012-09-04 17:31:03
203,462,6165,22,0.9924361696182622,2012-09-06 08:55:15
204,452,4154,21,0.9924536065123946,2012-09-08 00:37:42
205,456,4998,20,0.9923980663672156,2012-09-09 17:28:03
206,457,6630,17,0.9923953751261991,2012-09-11 14:12:10
207,447,4683,25,0.9924670566697187,2012-09-13 07:45:43
208,450,5566,23,0.9924603948890979,2012-09-15 04:56:39
209,447,5102,22,0.992506277022543,2012-09-17 00:19:43
210,440,4198,22,0.9925374022721827,2012-09-18 16:25:06
211,453,5643,24,0.9925051740108315,2012-09-20 07:59:00
212,446,3959,18,0.9925187334295867,2012-09-21 21:00:50
213,443,3855,24,0.9924480018074672,2012-09-23 11:23:19
214,464,4729,17,0.9925231481071228,2012-09-25 01:30:53
215,470,3911,19,0.9923145585591814,2012-09-26 13:31:51
216,462,4140,22,0.9922007188734673,2012-09-28 09:11:03
217,470,4446,20,0.99200388813868,2012-09-30 00:37:45
218,461,3944,19,0.9918965585420203,2012-10-01 17:09:23
219,460,4394,23,0.992009101191906,2012-10-03 07:42:32
220,468,3674,24,0.9919375314591099,2012-10-04 21:10:05
221,461,4115,22,0.9918977691358645,2012-10-06 09:54:59
222,460,4447,28,0.9918481169299502,2012-10-08 03:36:33
223,464,4813,21,0.9919467946613275,2012-10-09 18:53:21
224,463,4470,26,0.9918493014090597,2012-10-11 06:37:09
225,490,4510,25,0.9917120859950155,2012-10-12 15:01:16
226,511,4987,23,0.9917107708034454,2012-10-13 20:50:39
227,507,4593,21,0.9916653401780534,2012-10-15 03:14:13
228,509,7531,27,0.9917266249196893,2012-10-16 20:16:36
229,485,6252,25,0.9916009117299979,2012-10-18 19:08:33
230,495,5166,19,0.9916398268197082,2012-10-20 22:42:45
231,504,5174,22,0.991526531853912,2012-10-22 21:40:27
232,505,4967,21,0.9914302352505273,2012-10-24 05:14:30
233,488,4551,20,0.9914545644077302,2012-10-25 17:24:41
234,427,4777,18,0.9913801293713639,2012-10-27 18:20:05
235,380,4657,16,0.9913164481223931,2012-10-29 17:44:38
236,365,4094,21,0.9912034774731563,2012-10-31 06:27:31
237,387,4074,28,0.991255971092009,2012-11-01 19:39:54
238,432,4259,18,0.9912058590096694,2012-11-03 09:49:36
239,412,4311,16,0.9911280767779443,2012-11-04 20:32:27
240,454,5081,21,0.9910771385999624,2012-11-06 14:40:02
241,482,4819,16,0.9911278334089446,2012-11-08 18:55:04
242,475,4450,21,0.9910704687743372,2012-11-10 21:30:29
243,480,4916,21,0.9910077261180332,2012-11-13 00:35:51
244,445,4293,23,0.9906940031672327,2012-11-14 13:34:31
245,442,4574,19,0.9906617046773155,2012-11-16 00:33:40
246,502,5686,17,0.9906882878317176,2012-11-17 23:40:17
247,500,4333,15,0.9907025120101467,2012-11-20 01:27:46
248,481,4451,18,0.9906340247159647,2012-11-21 23:09:16
249,481,4466,20,0.9905401346354693,2012-11-23 19:11:54
250,479,4242,16,0.9905360951211228,2012-11-25 08:09:02
251,462,4285,16,0.9905673989924739,2012-11-26 19:04:08
252,461,4234,22,0.9906506502401299,2012-11-28 10:47:25
253,424,4223,21,0.9905939518063861,2012-11-29 13:33:23
254,347,3975,23,0.9904490594210942,2012-11-30 13:22:02
255,373,3860,22,0.990482760703531,2012-12-01 12:28:29
256,382,4955,18,0.9907153967800991,2012-12-04 10:29:18
257,445,5313,16,0.9907370975407772,2012-12-07 05:53:04
258,383,3372,14,0.9906555182996377,2012-12-08 11:07:11
259,405,4627,15,0.9905644526498347,2012-12-09 12:10:38
260,422,6677,18,0.9905528834383965,2012-12-12 05:39:13
261,408,4688,15,0.9905285392116454,2012-12-15 03:05:18
262,395,3659,17,0.9904599182879414,2012-12-16 08:42:36
263,396,3452,16,0.9904145617863995,2012-12-17 07:47:32
264,413,4399,22,0.9903797313554803,2012-12-19 20:14:14
265,438,4720,14,0.9904015176937456,2012-12-22 13:02:10
266,401,3622,14,0.9904148216179222,2012-12-23 21:30:43
267,364,3718,16,0.9904346503643021,2012-12-25 02:35:44
268,396,3725,13,0.9904380893808917,2012-12-27 02:50:23
269,446,3676,16,0.9903756206624088,2012-12-29 11:36:24
270,401,3244,14,0.9904091092435279,2012-12-31 04:15:14
271,396,3011,15,0.990374362644129,2013-01-01 16:25:10
272,443,3546,19,0.9903933020951892,2013-01-03 16:56:39
273,414,4023,14,0.9904904229987915,2013-01-06 00:29:06
274,285,4116,17,0.9904336142093658,2013-01-07 19:44:17
275,303,3702,18,0.9904442065222574,2013-01-09 09:34:18
276,308,4663,18,0.9904420841933385,2013-01-11 07:12:51
277,325,4352,16,0.9904886286669425,2013-01-13 12:43:26
278,297,4195,16,0.9904748081858323,2013-01-15 03:07:28
279,267,3560,12,0.9904059700807852,2013-01-16 15:04:44
280,350,3728,15,0.9905237846515926,2013-01-18 15:03:51
281,407,4599,19,0.990674953756254,2013-01-21 05:26:40
282,401,4326,15,0.9906900114292024,2013-01-23 01:52:22
283,389,4765,12,0.9906913809581953,2013-01-24 17:54:18
284,385,5468,18,0.9907273808294886,2013-01-26 11:50:30
285,387,4168,10,0.9907102836286332,2013-01-28 06:56:49
286,403,5574,11,0.9906928637365396,2013-01-30 03:40:46
287,408,4611,14,0.9906303410493008,2013-01-31 23:33:41
288,392,3768,16,0.990621399046515,2013-02-02 16:10:14
289,377,3868,14,0.9905535680288353,2013-02-04 07:20:10
290,372,4144,14,0.9904941641541579,2013-02-06 00:13:02
291,374,4395,10,0.990497670592921,2013-02-07 16:45:52
292,354,5451,12,0.9904377125412257,2013-02-09 09:22:01
293,346,6186,14,0.9903406193638538,2013-02-11 03:52:31
294,335,5705,11,0.9903217662693692,2013-02-13 02:52:13
295,335,5634,13,0.9901058789883111,2013-02-15 09:37:37
296,319,5291,10,0.9899087773105049,2013-02-17 05:09:55
297,291,5187,13,0.9898430928154843,2013-02-18 17:25:02
298,267,5436,15,0.9899507836526835,2013-02-20 09:41:21
299,292,5907,10,0.989855328417997,2013-02-22 11:27:36
300,289,5945,11,0.9897502476477372,2013-02-24 07:13:58
301,306,5844,10,0.9896616901972737,2013-02-26 03:11:58
302,351,6913,11,0.9895156679470488,2013-02-27 23:17:19
303,278,7218,8,0.9895288729343062,2013-03-01 12:02:34
304,160,5458,13,0.9895170977684826,2013-03-02 19:00:20
305,96,4470,13,0.9894969706393563,2013-03-03 23:50:40
306,109,6087,13,0.98949371919241,2013-03-05 07:14:11
307,82,6096,16,0.9896291200912448,2013-03-06 12:57:52
308,104,6317,16,0.9895510278226309,2013-03-07 21:39:40
309,102,6359,16,0.9894158563441912,2013-03-09 12:28:25
310,50,9998,17,0.9891203421120731,2013-03-10 23:14:53
311,66,17315,16,0.9890050077806681,2013-03-12 03:21:56
312,95,7079,18,0.9890607066518389,2013-03-13 07:37:18
313,19,7133,18,0.9890828644933964,2013-03-14 10:05:25
314,53,8215,22,0.9888324785129217,2013-03-15 16:57:54
315,47,8584,13,0.9887806091657669,2013-03-17 05:33:08
316,114,8276,12,0.9884795467521309,2013-03-18 19:10:39
317,93,11650,16,0.9886010023374309,2013-03-21 02:54:45
318,6,12715,21,0.9886248392355184,2013-03-23 19:42:22
319,4,8853,12,0.9883865652384883,2013-03-25 07:18:35
320,4,10246,15,0.9882808013758693,2013-03-26 14:13:21
321,5,10265,18,0.9881116835905058,2013-03-27 23:33:43
322,6,11209,16,0.9880285416649962,2013-03-29 15:05:54
323,6,12532,13,0.9879817258898955,2013-03-31 07:20:20
324,3,13456,18,0.9875118265548768,2013-04-01 18:01:46
325,3,18299,33,0.9870768408214716,2013-04-02 21:39:53
326,2,18674,29,0.9872551840310037,2013-04-03 23:35:56
327,3,20047,21,0.9870483260374009,2013-04-05 06:27:05
328,3,21090,28,0.9871920982716987,2013-04-06 16:15:54
329,3,23499,20,0.9870258812154635,2013-04-08 08:08:37
330,3,23496,20,0.986733285312331,2013-04-09 17:14:45
331,4,25187,16,0.9865624645393922,2013-04-11 02:11:47
332,3,23907,16,0.9863541461752926,2013-04-12 13:21:06
333,3,23535,20,0.9859490340473153,2013-04-14 03:15:16
334,4,21503,10,0.9856718367406624,2013-04-15 14:45:27
335,3,22408,14,0.9855518958689041,2013-04-17 04:37:18
336,3,20785,13,0.9852147874380467,2013-04-18 17:07:32
337,3,22626,13,0.9849775225096385,2013-04-20 11:31:34
338,3,21063,12,0.9847009675171063,2013-04-22 02:21:56
339,4,21909,13,0.9844488092009646,2013-04-23 17:44:19
340,3,24127,15,0.9847371848505725,2013-04-25 08:18:02
341,3,24022,15,0.9845216088371816,2013-04-26 23:25:40
342,4,24468,11,0.9844951152848109,2013-04-28 12:41:50
343,4,26465,11,0.9840588930554033,2013-04-30 02:03:45
344,4,24965,13,0.9836269059362435,2013-05-01 16:00:34
345,4,27334,13,0.9836600016155036,2013-05-03 16:43:40
346,4,24688,10,0.9834996979441524,2013-05-06 00:19:46
347,4,25163,11,0.9832810872053719,2013-05-07 12:53:20
348,4,21342,9,0.9831357013651864,2013-05-08 20:09:47
349,4,24890,12,0.9829645366018658,2013-05-10 04:50:13
350,4,21842,12,0.9828256853217459,2013-05-11 14:18:31
351,4,21030,11,0.9825163700079975,2013-05-13 06:32:36
352,4,21727,9,0.9825911653213155,2013-05-14 23:49:03
353,4,21677,9,0.982535809280305,2013-05-16 17:48:42
354,4,21397,11,0.9824128502329241,2013-05-18 15:10:12
355,4,19072,9,0.9822022009725074,2013-05-20 09:32:42
356,4,21462,6,0.9819384935537844,2013-05-22 06:08:43
357,4,18066,7,0.9818123692935435,2013-05-23 23:16:52
358,4,16839,10,0.9817918951260055,2013-05-25 11:33:49
359,4,17176,8,0.9816274925916819,2013-05-27 05:49:28
360,4,17243,9,0.9814813829069736,2013-05-28 23:08:07
361,4,16584,6,0.9812935819912098,2013-05-30 15:34:44
362,4,16350,5,0.9810749765428026,2013-06-01 07:20:15
363,4,15049,3,0.9809525813835077,2013-06-03 01:39:56
364,4,16339,6,0.9808265572137165,2013-06-04 21:00:15
365,4,15236,7,0.9807448481343837,2013-06-06 14:50:16
366,4,14778,6,0.9807521052499494,2013-06-08 03:44:02
367,5,15728,8,0.9807313753119214,2013-06-09 19:53:05
368,5,20170,8,0.9806121062143701,2013-06-11 13:35:06
369,5,15260,6,0.9804076453239133,2013-06-13 04:25:53
370,5,14116,5,0.9803079239757119,2013-06-14 17:38:09
371,5,15514,7,0.9801646381966093,2013-06-16 19:39:02
372,5,15119,5,0.9801259564811604,2013-06-18 15:02:51
373,5,13611,4,0.9800053398811021,2013-06-20 01:40:37
374,5,13179,6,0.9798277638562266,2013-06-21 14:09:19
375,5,19239,9,0.9802997495259248,2013-06-23 08:20:22
376,6,15373,10,0.980421504961637,2013-06-24 22:53:42
377,4,16159,5,0.9803920929192534,2013-06-26 15:35:39
378,4,15564,7,0.9800464064398415,2013-06-28 06:01:44
379,5,15576,6,0.9797054429918597,2013-06-29 21:42:30
380,4,16153,7,0.9797265718128955,2013-07-01 14:01:26
381,4,18192,10,0.9797755338756627,2013-07-03 04:21:11
382,4,17897,9,0.9797100453937058,2013-07-04 19:42:53
383,4,17002,9,0.9797537622771596,2013-07-06 18:04:07
384,4,15183,10,0.9797120106058265,2013-07-08 10:34:15
385,4,15159,6,0.9795781464314937,2013-07-10 00:02:24
386,4,16135,8,0.9794962073326353,2013-07-11 16:25:11
387,4,16457,5,0.9794267909117171,2013-07-13 13:17:59
388,4,15395,8,0.9791856162564841,2013-07-15 08:28:09
389,4,15133,7,0.9792000500030932,2013-07-16 21:37:48
390,4,16093,7,0.9792181911895204,2013-07-18 13:15:05
391,4,16156,10,0.9790269412190439,2013-07-20 09:06:51
392,4,15153,4,0.9789251447516258,2013-07-22 05:46:56
393,4,14755,9,0.9788232252803423,2013-07-23 23:03:18
394,4,14353,6,0.9787300358242625,2013-07-25 14:32:33
395,4,13899,5,0.978697132360682,2013-07-27 08:50:52
396,4,13458,7,0.978628607829271,2013-07-29 04:55:31
397,4,14870,7,0.978652946210973,2013-07-30 23:52:09
398,4,15603,5,0.9786753971391244,2013-08-01 23:17:27
399,4,14925,6,0.9786667206234358,2013-08-03 17:53:12
400,5,14820,5,0.9785931489518973,2013-08-05 10:02:13
401,4,14904,7,0.9785607025210652,2013-08-07 02:08:46
402,4,15526,5,0.9785606107401473,2013-08-08 18:30:15
403,4,14200,5,0.9785106957747798,2013-08-10 12:12:59
404,4,14440,7,0.9784994257195906,2013-08-12 07:01:17
405,4,14076,5,0.9784109804896184,2013-08-13 21:46:19
406,4,15496,3,0.9784614024326669,2013-08-15 13:28:25
407,4,14194,6,0.9783817751085389,2013-08-17 08:16:45
408,4,14404,5,0.9783369899340641,2013-08-19 03:52:38
409,4,14929,5,0.9783158663759447,2013-08-20 19:39:24
410,4,14619,4,0.9782890594075169,2013-08-22 07:22:04
411,4,14551,5,0.9782962707030932,2013-08-23 23:01:19
412,4,14885,2,0.9782643545329724,2013-08-25 16:56:32
413,4,16575,6,0.9782179738823448,2013-08-27 14:04:27
414,4,15684,4,0.9781789129861164,2013-08-29 09:12:44
415,4,12951,6,0.9781792650147156,2013-08-30 22:15:40
416,4,12669,3,0.9782002358480495,2013-09-01 08:17:04
417,4,14307,4,0.9781199020300423,2013-09-03 07:12:55
418,4,16656,4,0.9783566126046541,2013-09-05 08:52:31
419,4,12785,1,0.9783817895846395,2013-09-06 19:55:04
420,4,12757,4,0.9782182806172693,2013-09-08 07:00:51
421,4,14154,7,0.9780937020944408,2013-09-10 06:07:20
422,3,13310,6,0.9779771811440355,2013-09-12 07:31:04
423,4,12320,6,0.9780581296253026,2013-09-14 01:30:54
424,4,10702,4,0.9780081082991501,2013-09-15 12:36:08
425,3,12238,4,0.9779549724506807,2013-09-17 04:45:31
426,4,11577,4,0.9779240837741981,2013-09-18 20:21:00
427,4,11460,3,0.9778420906455961,2013-09-20 13:48:26
428,3,11595,4,0.9777407723049615,2013-09-22 09:43:40
429,4,13015,2,0.9777062665258346,2013-09-24 01:31:31
430,4,11958,5,0.9776192026438538,2013-09-25 16:29:48
431,4,12621,2,0.9776591722499286,2013-09-27 10:26:28
432,4,13716,2,0.9778785292195223,2013-09-29 06:45:37
433,3,12782,3,0.9777929283892518,2013-10-01 03:27:20
434,4,13231,3,0.9780269793837137,2013-10-02 21:27:16
435,4,13173,3,0.977850723708502,2013-10-04 14:06:22
436,3,13708,4,0.9777160281435431,2013-10-06 09:32:16
437,4,12579,6,0.9776025243129892,2013-10-08 03:36:14
438,3,13652,3,0.9775701088085934,2013-10-09 22:03:59
439,4,14957,7,0.977651568511268,2013-10-11 18:04:57
440,4,10997,4,0.9775512296412877,2013-10-13 12:12:03
441,3,12311,2,0.9775045538711223,2013-10-15 05:44:26
442,4,14067,4,0.977627267816588,2013-10-16 19:05:23
443,4,11706,4,0.9774918708650139,2013-10-18 14:33:35
444,3,12927,4,0.977576891139585,2013-10-20 05:49:39
445,4,14812,5,0.9775933111888014,2013-10-22 01:19:48
446,4,16139,3,0.9778459781705093,2013-10-23 21:54:23
447,4,13660,2,0.9780214748141193,2013-10-25 12:32:34
448,3,12189,2,0.9781474796358738,2013-10-27 02:38:00
449,3,11572,2,0.9780379809393895,2013-10-28 15:53:00
450,3,11576,3,0.9778758494965722,2013-10-30 10:30:07
451,4,15199,5,0.977791977858035,2013-11-01 09:14:04
452,4,15701,4,0.9777704472294798,2013-11-03 05:39:10
453,4,20275,3,0.9784133847119475,2013-11-04 20:08:57
454,4,17436,7,0.9783192710839406,2013-11-06 13:15:45
455,4,27098,7,0.9789050149838369,2013-11-08 05:00:08
456,4,23952,5,0.9790879922014865,2013-11-09 16:31:13
457,4,18808,4,0.979191750995755,2013-11-11 07:17:01
458,4,22515,4,0.9789610022625714,2013-11-13 01:20:37
459,4,24988,5,0.9787765879603466,2013-11-14 19:20:11
460,4,21173,5,0.9785375274974136,2013-11-16 10:22:47
461,3,22456,7,0.9783086683110047,2013-11-18 02:16:10
462,3,42299,19,0.9791158868220368,2013-11-19 16:17:03
463,3,29949,7,0.9791404598545699,2013-11-21 06:54:32
464,3,31385,7,0.9786286928698092,2013-11-22 23:53:58
465,3,30961,6,0.9781502897221311,2013-11-24 14:04:55
466,4,34880,3,0.9776382126908356,2013-11-26 06:47:17
467,3,66189,20,0.9771525392282578,2013-11-27 23:34:19
468,3,61852,16,0.9778422784682649,2013-11-29 10:17:38
469,3,54667,20,0.9781525410955367,2013-12-01 00:51:49
470,3,50983,10,0.9786718633375264,2013-12-02 13:14:12
471,3,50262,12,0.9785209716257739,2013-12-04 02:10:05
472,3,57019,11,0.9789007822798035,2013-12-05 16:45:21
473,4,44341,8,0.9792731435742595,2013-12-07 03:34:55
474,3,43951,9,0.9796697277127256,2013-12-08 13:54:52
475,4,48036,12,0.9797479221594795,2013-12-10 00:49:57
476,3,57432,11,0.9799017086601053,2013-12-11 16:06:51
477,3,50518,8,0.979888958034566,2013-12-13 06:39:54
478,4,49187,11,0.979860852317749,2013-12-14 19:41:08
479,3,54312,8,0.9798947664016974,2013-12-16 12:53:50
480,3,63433,12,0.9802703006754722,2013-12-18 03:46:44
481,3,65786,12,0.98021714046266,2013-12-19 20:39:55
482,3,56661,9,0.9798078917264376,2013-12-21 18:07:34
483,3,49150,11,0.9795982579635841,2013-12-23 17:12:45
484,3,49365,8,0.9791826151861122,2013-12-25 12:07:26
485,3,53966,131,0.9794662872575653,2013-12-27 04:33:25
486,3,46037,15,0.9794610632154036,2013-12-28 17:27:31
487,3,47545,12,0.9795138364519141,2013-12-30 08:33:55
488,3,46645,6,0.9793678660245602,2014-01-01 01:18:50
489,3,49514,8,0.9792382059069401,2014-01-02 20:00:52
490,3,52105,9,0.979225846392473,2014-01-04 12:06:44
491,3,50341,8,0.9791730153223778,2014-01-06 02:21:39
492,3,61578,8,0.9796403973108355,2014-01-07 15:58:08
493,3,49339,9,0.9795330284505921,2014-01-09 03:29:26
494,3,48907,6,0.9793960036680702,2014-01-10 20:12:16
495,3,49548,8,0.9794261847961908,2014-01-12 13:37:07
496,3,47480,5,0.9793081937587559,2014-01-14 07:06:23
497,3,48762,7,0.9792622022434152,2014-01-16 00:35:28
498,3,46778,6,0.9791886538406548,2014-01-17 18:54:07
499,3,43654,4,0.9790294189424725,2014-01-19 09:57:57
500,3,57243,7,0.9789716267077005,2014-01-21 06:12:01
501,3,74571,6,0.9790793653920832,2014-01-23 21:08:37
502,3,62355,4,0.9789478829324028,2014-01-25 21:59:37
503,2,73109,10,0.9787694245376708,2014-01-28 06:58:42
504,3,45817,6,0.9787066713120277,2014-01-29 14:00:01
505,3,45597,7,0.9784691123944257,2014-01-30 20:57:13
506,3,55756,7,0.9783353160740738,2014-02-01 21:12:51
507,3,58043,10,0.9783783851620231,2014-02-03 22:17:59
508,4,50960,2,0.9779140555505486,2014-02-05 08:33:04
509,3,48860,5,0.9779443214814348,2014-02-06 17:44:50
510,3,58372,8,0.9778295507823104,2014-02-08 20:11:35
511,3,62046,9,0.9777389692178989,2014-02-11 04:17:07
512,3,63009,5,0.9777358661822658,2014-02-13 01:20:54
513,3,53076,7,0.9777201401038679,2014-02-14 18:08:11
514,4,43060,10,0.9775349671988527,2014-02-16 06:24:47
515,4,44741,14,0.977432865268949,2014-02-17 16:31:59
516,3,49794,6,0.9773498280875291,2014-02-19 15:34:54
517,3,49924,7,0.9772645196355212,2014-02-21 12:28:39
518,4,44982,3,0.9772012474295844,2014-02-23 03:03:29
519,4,45199,1,0.9771480137057064,2014-02-24 13:55:27
520,3,57120,8,0.9768555713867277,2014-02-26 06:55:42
521,4,52529,3,0.9765570637829394,2014-02-28 04:39:20
522,4,47700,7,0.9763761785687194,2014-03-01 18:01:49
523,4,51789,8,0.976234016304053,2014-03-03 05:08:29
524,4,75435,11,0.9766806861987963,2014-03-04 22:39:24
525,4,48888,6,0.9765258200497923,2014-03-06 10:19:49
526,4,56759,8,0.9764321620352309,2014-03-07 23:09:49
527,4,41127,8,0.9762900169601858,2014-03-09 09:05:40
528,4,49155,10,0.9762222765100111,2014-03-11 04:08:24
529,4,52092,11,0.9763104193992366,2014-03-12 19:19:44
530,4,46734,11,0.9762238441167902,2014-03-14 10:06:01
531,4,45868,9,0.9761271228954287,2014-03-15 23:44:12
532,4,52478,8,0.9761619660716456,2014-03-17 16:03:47
533,3,63010,8,0.9766625146388143,2014-03-19 03:55:46
534,3,62862,4,0.9766943182062506,2014-03-20 18:58:44
535,4,49267,4,0.9765754678590733,2014-03-22 12:11:51
536,4,47996,8,0.9763721312437899,2014-03-24 08:13:32
537,4,50854,6,0.9762213271911271,2014-03-26 04:46:37
538,4,50975,4,0.9762272424195042,2014-03-27 21:05:08
539,4,46984,5,0.9760826950495203,2014-03-29 12:54:12
540,4,47610,4,0.9759511791262874,2014-03-31 07:08:10
541,3,45876,5,0.9758579072770742,2014-04-01 23:46:57
542,4,47908,7,0.9755221259320572,2014-04-03 14:11:12
543,3,40698,4,0.9752374764039811,2014-04-05 05:35:23
544,3,38982,6,0.9751267155336565,2014-04-07 00:30:13
545,3,41969,9,0.9750180896729715,2014-04-08 21:31:29
546,3,41552,9,0.9748982724577139,2014-04-10 13:46:48
547,3,45283,7,0.975017472870718,2014-04-12 07:50:51
548,3,40381,6,0.9748739696265941,2014-04-14 02:53:14
549,3,55449,4,0.9750347958009664,2014-04-15 19:54:51
550,3,49905,5,0.9752142460448328,2014-04-17 15:37:49
551,3,43286,4,0.9751685585569568,2014-04-19 15:16:01
552,4,39306,5,0.9752073800284413,2014-04-21 11:32:55
553,3,36531,4,0.9751960346510241,2014-04-23 04:36:02
554,3,33851,5,0.9752044949716775,2014-04-24 18:29:35
555,3,35983,7,0.9751015557254066,2014-04-26 07:49:49
556,3,30779,5,0.9750156160220007,2014-04-27 19:29:29
557,3,33465,4,0.9749315131636072,2014-04-29 07:19:29
558,3,32879,8,0.9750157391800162,2014-04-30 19:46:45
559,3,30543,5,0.9750371127098864,2014-05-02 13:52:05
560,3,28195,7,0.9749862908392586,2014-05-04 05:35:33
561,3,30129,5,0.974922760722151,2014-05-05 23:40:38
562,2,32142,5,0.9749829802726402,2014-05-07 20:18:22
563,2,31252,2,0.9749700015658298,2014-05-09 16:28:49
564,2,27618,3,0.9749689381083141,2014-05-11 09:00:33
565,3,27629,5,0.9749664183341271,2014-05-12 23:59:34
566,2,26690,6,0.9749670618096477,2014-05-14 15:07:34
567,2,26837,3,0.9750183640710026,2014-05-16 05:20:10
568,2,24956,3,0.9750699584475035,2014-05-17 21:24:19
569,2,26318,4,0.975047467469238,2014-05-19 15:33:47
570,2,29726,6,0.9751672399417343,2014-05-21 09:25:40
571,3,36598,9,0.9754075820926736,2014-05-23 05:05:14
572,3,28358,3,0.9755610924740846,2014-05-24 21:47:23
573,3,27499,3,0.9756859040135438,2014-05-26 11:46:44
574,3,26375,5,0.9757936732663477,2014-05-28 00:23:48
575,3,28192,4,0.9758933388290374,2014-05-29 18:00:48
576,4,26605,4,0.9760098766337615,2014-05-31 08:16:57
577,3,29364,2,0.9762104855040731,2014-06-02 00:34:40
578,3,27017,13,0.9763045262270765,2014-06-03 15:52:47
579,3,24118,6,0.9762918906520243,2014-06-05 06:09:49
580,4,26602,4,0.9763526304250817,2014-06-06 22:10:46
581,4,27797,4,0.9763772633149381,2014-06-08 13:43:17
582,4,28600,4,0.9764365272857507,2014-06-10 02:15:31
583,4,29287,4,0.97651869543332,2014-06-11 22:52:03
584,3,30166,3,0.9766351821569795,2014-06-13 20:20:16
585,4,21193,3,0.9766561047191101,2014-06-15 11:08:45
586,3,21504,6,0.9767194624026642,2014-06-17 00:47:41
587,4,23765,5,0.9767953433264098,2014-06-18 14:33:07
588,3,45019,3,0.976884924217605,2014-06-20 02:53:35
589,3,24490,6,0.976942219251203,2014-06-21 19:40:46
590,4,19146,5,0.9769580509151496,2014-06-23 12:46:16
591,4,20257,7,0.9770625179063888,2014-06-25 03:48:19
592,4,21385,8,0.9771486715271684,2014-06-26 19:44:25
593,4,18308,5,0.9771776304946167,2014-06-28 09:24:24
594,4,18492,1,0.9772408959597385,2014-06-30 00:47:31
595,4,22054,6,0.9774798838564337,2014-07-01 16:49:52
596,4,22377,1,0.9776914320273725,2014-07-03 07:29:07
597,4,19260,2,0.97776261676794,2014-07-04 20:42:27
598,4,18647,4,0.9778155219777122,2014-07-06 10:50:00
599,4,23900,2,0.977916989478816,2014-07-08 00:19:19
600,4,24633,3,0.9779056383357171,2014-07-09 11:21:33
601,4,25041,4,0.9779228810849804,2014-07-11 02:16:12
602,4,25977,5,0.9779857570349251,2014-07-12 19:37:53
603,4,26658,3,0.9780534651445124,2014-07-14 12:07:38
604,4,23771,6,0.9780843559226845,2014-07-16 05:16:24
605,4,26592,9,0.9781505023788503,2014-07-17 20:27:35
606,4,57260,3,0.9781101184933131,2014-07-19 10:22:36
607,4,86673,4,0.9780047041972285,2014-07-21 05:06:15
608,5,21640,3,0.9780651028085182,2014-07-23 00:30:08
609,5,20120,6,0.978141718946952,2014-07-24 14:35:54
610,5,20037,3,0.9781840336289821,2014-07-26 06:13:06
611,5,18591,2,0.9782395399937795,2014-07-27 20:58:24
612,4,15543,2,0.9782891432560257,2014-07-29 12:00:47
613,5,15361,2,0.9783352748762771,2014-07-31 05:35:40
614,4,16887,1,0.9783816217244282,2014-08-01 21:08:29
615,5,15560,2,0.9784361505085197,2014-08-03 17:26:10
616,5,18867,2,0.9784312304221072,2014-08-05 10:48:11
617,5,21211,3,0.9785463679526304,2014-08-07 01:41:05
618,4,19291,5,0.9786271636678493,2014-08-08 14:26:28
619,4,14247,2,0.978679306722702,2014-08-10 06:21:34
620,4,15896,3,0.9787483206082491,2014-08-11 21:52:13
621,4,19820,8,0.9787942830764338,2014-08-13 15:05:42
622,4,16213,6,0.9788101865193086,2014-08-15 06:01:17
623,4,15340,7,0.9787762660398728,2014-08-17 00:16:58
624,4,18066,6,0.9787156201359103,2014-08-18 20:32:02
625,3,18400,5,0.9787012941702107,2014-08-20 15:26:06
626,4,16752,3,0.9788260440649894,2014-08-22 08:01:26
627,4,13833,4,0.978858147467524,2014-08-24 00:34:44
628,4,14316,4,0.978925861088285,2014-08-25 18:21:41
629,5,15043,6,0.9789942670807034,2014-08-27 12:45:40
630,5,13291,4,0.9790150956187201,2014-08-29 06:52:46
631,5,14636,6,0.9790188487156625,2014-08-31 03:34:49
632,5,14808,4,0.9790521816784522,2014-09-01 21:21:21
633,4,13411,2,0.979076032568664,2014-09-03 12:41:12
634,4,15119,7,0.9791206594504354,2014-09-05 06:41:53
635,3,13840,4,0.9791636682829835,2014-09-07 00:57:17
636,4,12887,3,0.9791731435413606,2014-09-08 17:01:30
637,4,13866,3,0.9792676941747029,2014-09-10 10:40:43
638,4,15046,4,0.9793205106667932,2014-09-12 04:14:52
639,4,19394,2,0.9793539966049148,2014-09-13 16:59:37
640,3,12296,3,0.9793940100569183,2014-09-15 03:37:58
641,3,14803,4,0.9794489335966882,2014-09-16 19:51:02
642,3,14702,2,0.9795947134725508,2014-09-18 13:37:01
643,3,16971,3,0.979622979569411,2014-09-20 10:18:01
644,3,14656,4,0.9796522322958189,2014-09-22 04:39:41
645,3,13966,5,0.9797010013388404,2014-09-23 20:52:07
646,2,13347,2,0.9797410894913609,2014-09-25 09:02:50
647,3,13155,2,0.9797450968435096,2014-09-27 01:48:14
648,2,13929,6,0.9798020222463302,2014-09-28 19:09:15
649,2,12410,3,0.9798215079052103,2014-09-30 12:43:34
650,3,34566,5,0.9803040556832764,2014-10-02 03:41:26
651,3,13064,3,0.9803373456910389,2014-10-03 20:21:06
652,3,13715,4,0.9803699395020692,2014-10-05 13:25:05
653,3,13493,5,0.9803686236805906,2014-10-07 08:35:07
654,3,13523,6,0.9804028862013346,2014-10-09 05:31:52
655,3,12866,7,0.9804212795028953,2014-10-10 21:19:55
656,3,12511,8,0.9804162120072474,2014-10-12 13:02:51
657,3,13318,8,0.9804327799090357,2014-10-14 07:44:54
658,3,14103,11,0.9804749314513179,2014-10-16 02:47:20
659,3,11948,14,0.9804331019940277,2014-10-17 19:30:31
660,3,13710,15,0.9804978630610786,2014-10-19 12:35:44
661,3,11679,13,0.9804815905520973,2014-10-21 06:26:57
662,3,11051,21,0.9805062932904037,2014-10-23 00:09:26
663,4,10933,15,0.980548955093112,2014-10-24 15:24:06
664,3,11326,18,0.9805867112446337,2014-10-26 09:23:32
665,3,11454,12,0.9806323021544562,2014-10-28 02:41:41
666,3,9944,18,0.9806589392057767,2014-10-29 16:07:37
667,3,10964,23,0.9807009009417936,2014-10-31 11:12:42
668,3,12121,10,0.9807333634186354,2014-11-02 07:10:53
669,3,10518,13,0.9807577635277925,2014-11-03 23:30:53
670,3,10501,15,0.9807510115061653,2014-11-05 15:00:16
671,3,10205,22,0.9807749374224174,2014-11-07 06:05:18
672,3,11244,17,0.9807805585831113,2014-11-08 23:01:16
673,3,11650,13,0.9808146228309466,2014-11-10 16:54:53
674,3,11445,15,0.9808507599580275,2014-11-12 09:18:54
675,3,14035,10,0.9809326102314542,2014-11-14 01:16:51
676,3,12796,14,0.9809273662408284,2014-11-15 15:47:44
677,3,12288,14,0.9809810221166237,2014-11-17 08:46:17
678,3,11363,11,0.9810296408727267,2014-11-18 22:08:29
679,4,12616,15,0.9810710576793314,2014-11-20 14:36:06
680,3,13957,14,0.9810069785503382,2014-11-22 06:20:41
681,4,15238,13,0.9811082328149767,2014-11-23 21:39:54
682,4,12436,15,0.9811512332547314,2014-11-25 13:17:45
683,4,12480,11,0.9811769989555006,2014-11-27 06:28:51
684,4,12360,18,0.981229272277121,2014-11-29 00:55:59
685,4,13960,16,0.9811752512004971,2014-11-30 18:30:24
686,4,14411,13,0.9812444388779413,2014-12-02 12:00:49
687,4,13347,46,0.9812972402845604,2014-12-04 04:47:21
688,4,19908,32,0.981384314170265,2014-12-05 23:47:22
689,4,13931,15,0.9813904785818259,2014-12-07 15:25:51
690,4,11975,13,0.9814389746934564,2014-12-09 03:53:01
691,3,12162,15,0.9815004182387502,2014-12-10 21:25:09
692,3,10632,13,0.9815752655262144,2014-12-12 15:22:52
693,3,11859,14,0.9815542265974133,2014-12-14 08:30:07
694,3,12076,15,0.9816223466237964,2014-12-16 01:52:49
695,3,14674,19,0.9817096909326929,2014-12-17 19:26:32
696,3,11136,12,0.9817486470775374,2014-12-19 14:59:53
697,3,12262,15,0.9817741978375465,2014-12-21 11:00:00
698,3,15077,24,0.9817747133346512,2014-12-23 07:44:32
699,3,12178,19,0.9818229840042848,2014-12-24 23:03:00
700,3,11850,18,0.9818154939293796,2014-12-26 11:20:42
701,2,12812,14,0.9818588353510819,2014-12-28 03:07:50
702,3,14785,17,0.9818900423679374,2014-12-30 01:49:04
703,3,14337,29,0.9819389336147218,2014-12-31 21:49:38
704,3,11684,16,0.9819582577412128,2015-01-02 16:26:36
705,3,16513,30,0.9820190954141098,2015-01-04 10:13:13
706,3,17643,41,0.9820211929941459,2015-01-06 07:19:46
707,2,18670,25,0.9820005058204738,2015-01-08 06:10:28
708,4,18405,20,0.9820156364281218,2015-01-09 23:44:43
709,3,20603,22,0.9820433576508915,2015-01-11 19:06:40
710,3,19975,22,0.9820137937116343,2015-01-13 15:26:45
711,3,19800,20,0.9820314111267613,2015-01-15 12:48:38
712,3,19084,26,0.9820098652300892,2015-01-17 12:30:45
713,3,17428,7,0.9820128006706185,2015-01-19 08:34:42
714,3,17797,16,0.9820326106997425,2015-01-21 02:05:17
715,3,16684,16,0.982027179144191,2015-01-22 19:42:06
716,3,12994,14,0.9820183204110903,2015-01-24 11:07:52
717,2,19913,17,0.9821287517523507,2015-01-26 02:35:36
718,2,18802,17,0.9821798922662776,2015-01-27 19:58:08
719,2,18411,15,0.9825011770043388,2015-01-29 12:04:27
720,2,27681,11,0.9833735368697427,2015-01-31 05:15:39
721,2,36606,10,0.9845104234292313,2015-02-01 23:27:21
722,2,27192,13,0.9846788794005684,2015-02-03 17:19:07
723,2,30423,15,0.9855258237689837,2015-02-05 14:08:02
724,2,15578,15,0.9855273759400057,2015-02-07 05:33:27
725,2,34598,15,0.9846839337944325,2015-02-09 00:32:08
726,2,28833,25,0.9846955363961255,2015-02-10 21:50:30
727,2,24519,30,0.9847101186267763,2015-02-12 14:14:46
728,2,23200,47,0.984710761165835,2015-02-14 07:43:09
729,2,18210,40,0.9847385901426313,2015-02-15 23:34:20
730,2,19708,33,0.9847292712444353,2015-02-17 19:31:18
731,2,18765,35,0.9847441327424937,2015-02-19 13:55:53
732,2,15343,34,0.9847401610653255,2015-02-21 08:33:42
733,2,14078,37,0.9847459515891911,2015-02-23 00:12:49
734,2,18309,61,0.9847474634581109,2015-02-24 17:49:36
735,2,16054,80,0.9846965120425132,2015-02-26 10:36:10
736,2,19681,63,0.984721421165577,2015-02-28 07:00:24
737,2,20915,303,0.9848100666391661,2015-03-01 23:56:08
738,3,22672,75,0.9847289517322682,2015-03-03 19:29:36
739,2,28185,74,0.9848262913677637,2015-03-05 15:51:03
740,2,18232,72,0.9848351287544568,2015-03-07 09:52:12
741,2,28344,987,0.9847800394665508,2015-03-09 01:28:39
742,2,19386,117,0.9848207957811345,2015-03-10 16:25:02
743,2,19417,97,0.9848195246467436,2015-03-12 07:52:46
744,2,20104,108,0.9848395009040869,2015-03-14 02:13:21
745,2,28962,996,0.984942011202904,2015-03-15 20:53:57
746,2,22523,125,0.9849803417701158,2015-03-17 18:06:44
747,2,21860,150,0.9850157557669916,2015-03-19 22:49:07
748,2,29287,1167,0.9850784415663253,2015-03-21 15:59:53
749,2,25686,181,0.9850912594600213,2015-03-23 04:31:02
750,2,18370,161,0.9851021034139924,2015-03-24 19:28:52
751,2,18738,104,0.9851200503243804,2015-03-26 08:07:21
752,2,18148,104,0.9851313343529818,2015-03-28 03:01:11
753,2,29382,1117,0.9851659850908562,2015-03-29 18:30:56
754,2,18581,161,0.9851706569700676,2015-03-31 11:13:24
755,2,20645,113,0.9851863167664671,2015-04-02 06:54:01
756,2,17231,105,0.9851959622305733,2015-04-03 23:49:34
757,2,28782,1137,0.9852426199750827,2015-04-05 16:05:21
758,2,19659,140,0.9852505533069595,2015-04-07 11:01:15
759,2,19375,102,0.9852616694432481,2015-04-09 03:11:22
760,2,22038,115,0.9852881192088195,2015-04-10 22:04:54
761,2,31815,1146,0.985318146038209,2015-04-12 15:57:18
762,2,22504,117,0.9854055982675455,2015-04-14 10:25:37
763,2,19897,82,0.9854229522694747,2015-04-16 03:08:39
764,2,17137,81,0.9854363414027785,2015-04-17 20:13:48
765,2,30603,1123,0.9854882685636345,2015-04-19 15:47:25
766,2,18282,104,0.9854988261880655,2015-04-21 07:42:17
767,2,16754,92,0.9855242997437951,2015-04-23 00:55:09
768,2,21475,100,0.9855221209779025,2015-04-24 21:58:39
769,2,27625,1082,0.9855550552366503,2015-04-26 15:27:43
770,2,20613,121,0.9855451738083952,2015-04-28 10:01:49
771,2,16782,103,0.9855544903996084,2015-04-30 02:25:00
772,2,16446,97,0.9855807601093713,2015-05-01 18:54:11
773,2,27110,1010,0.9856178699763259,2015-05-03 15:09:16
774,2,20123,200,0.9856358959752306,2015-05-05 09:52:47
775,2,17566,95,0.9856533237751045,2015-05-07 05:37:35
776,2,17492,89,0.9856669909519609,2015-05-08 20:47:23
777,2,27336,1021,0.9857339301154774,2015-05-10 11:20:39
778,2,21765,228,0.985750571916629,2015-05-12 08:28:28
779,2,18065,102,0.9857555645731931,2015-05-14 01:48:16
780,2,15929,78,0.9857702832505635,2015-05-15 18:58:03
781,2,26760,981,0.9857955507946952,2015-05-17 11:35:14
782,2,19259,210,0.9858213901880226,2015-05-19 05:24:25
783,2,17994,107,0.9858451037591957,2015-05-20 21:37:26
784,2,18379,89,0.9859042783220271,2015-05-22 17:43:22
785,3,28203,1033,0.9859707771192571,2015-05-24 12:40:51
786,2,21856,239,0.9859674390010897,2015-05-26 06:13:28
787,3,18340,74,0.9859899453357532,2015-05-28 00:55:35
788,3,17121,72,0.9860112731444649,2015-05-29 21:19:02
789,2,26149,1347,0.9860443947535408,2015-05-31 13:13:23
790,2,20737,193,0.9860660174610411,2015-06-02 05:49:03
791,2,16659,78,0.9860704200129974,2015-06-03 23:17:59
792,2,14823,65,0.9860971556824291,2015-06-05 15:56:42
793,2,26030,1144,0.986127804147271,2015-06-07 08:49:05
794,2,18849,184,0.986116393759757,2015-06-09 03:10:04
795,2,15837,98,0.9861368673309955,2015-06-10 22:19:26
796,2,17512,468,0.9861686499229572,2015-06-12 15:56:02
797,2,28740,1479,0.9862061736304059,2015-06-14 11:33:26
798,2,20838,738,0.9862330493481999,2015-06-16 06:19:59
799,2,27307,762,0.9863864272222516,2015-06-18 00:43:26
800,2,20501,760,0.9864561878369172,2015-06-19 17:32:29
801,2,39514,1623,0.9865104215321686,2015-06-21 09:17:07
802,2,27951,864,0.9865168836251355,2015-06-23 00:22:59
803,2,20347,861,0.9865498680538817,2015-06-24 18:54:02
804,2,20797,852,0.9865603456816229,2015-06-26 10:15:22
805,2,36123,1642,0.9865859038596998,2015-06-28 03:42:20
806,2,31968,1046,0.9866212703765223,2015-06-29 20:11:20
807,2,30046,1028,0.9867059526956149,2015-07-01 14:28:17
808,2,21850,869,0.9867371747558853,2015-07-03 06:27:23
809,2,30604,1839,0.9867767443262703,2015-07-04 22:55:34
810,2,26899,1064,0.9868408115342413,2015-07-06 14:15:06
811,2,25267,652,0.9869624139968548,2015-07-08 04:22:56
812,2,32267,781,0.987156592800262,2015-07-09 22:40:23
813,2,46776,1566,0.9875613682781657,2015-07-11 17:45:11
814,2,31605,856,0.9876221557799896,2015-07-13 10:50:59
815,2,18071,131,0.9876187028453642,2015-07-15 01:45:37
816,2,22709,194,0.9876334896372202,2015-07-16 20:15:36
817,2,17855,143,0.9876356544311444,2015-07-18 15:59:58
818,2,23545,899,0.9876409073439141,2015-07-20 12:06:12
819,2,14557,78,0.987634602906556,2015-07-22 05:09:05
820,2,12581,60,0.9876337399346543,2015-07-23 21:36:34
821,2,16402,63,0.9876638872552517,2015-07-25 13:51:02
822,2,24683,985,0.9876877257482541,2015-07-27 06:58:36
823,2,17905,118,0.9877034153458707,2015-07-28 23:01:34
824,2,16656,73,0.9877239084673992,2015-07-30 18:34:10
825,2,15581,742,0.9877441241415506,2015-08-01 11:13:06
826,2,20854,205,0.9877516794635602,2015-08-03 02:44:47
827,2,16823,109,0.9877697758374987,2015-08-04 18:56:29
828,2,15045,62,0.9877885681700793,2015-08-06 13:09:37
829,2,14696,80,0.9877909616507462,2015-08-08 07:59:08
830,2,22843,901,0.9878240338814748,2015-08-10 02:16:45
831,2,15660,161,0.987831236206728,2015-08-11 20:50:36
832,2,16639,82,0.9878270464951904,2015-08-13 15:45:57
833,2,15242,102,0.9878365024436776,2015-08-15 09:39:30
834,2,22005,957,0.9878668194171292,2015-08-17 06:05:04
835,2,14573,99,0.9878839344776685,2015-08-18 22:03:48
836,2,14966,76,0.9878684981778556,2015-08-20 14:58:50
837,2,14630,121,0.9878729800843274,2015-08-22 08:45:53
838,2,22487,994,0.9879054361076384,2015-08-24 03:30:23
839,2,18946,104,0.9879338780241329,2015-08-25 22:57:16
840,2,15680,67,0.9879081306741304,2015-08-27 21:24:06
841,2,23156,1088,0.9879324433259956,2015-08-29 17:42:37
842,2,15458,204,0.9879396661025572,2015-08-31 14:11:19
843,2,13608,66,0.9879376285105577,2015-09-02 05:37:27
844,2,12890,67,0.9879576552863337,2015-09-03 20:33:43
845,2,22155,1196,0.987989692418294,2015-09-05 13:17:24
846,2,18717,210,0.987970810754612,2015-09-07 05:23:28
847,2,13540,108,0.9879619134245983,2015-09-08 20:26:02
848,2,11517,64,0.987967759937613,2015-09-10 10:57:02
849,2,12394,101,0.9879628037554719,2015-09-12 04:04:54
850,2,25012,1328,0.98799397643907,2015-09-13 23:55:58
851,2,12676,115,0.9879902134575039,2015-09-15 15:36:35
852,2,12263,78,0.9879987356216581,2015-09-17 06:48:40
853,2,15201,97,0.9880078687320274,2015-09-18 23:49:22
854,2,23129,1189,0.9880205014048553,2015-09-20 17:46:32
855,2,19463,189,0.9880196358151397,2015-09-22 15:01:13
856,2,13228,64,0.98803177355224,2015-09-24 06:32:16
857,2,14183,154,0.9880498573877728,2015-09-26 00:49:07
858,2,23071,1309,0.988071758839781,2015-09-27 19:11:06
859,2,16467,120,0.9880795856459638,2015-09-29 10:20:34
860,2,14099,87,0.9880816280782705,2015-10-01 03:06:13
861,2,14183,150,0.9880861838068168,2015-10-02 21:45:29
862,2,21968,1338,0.988108540972199,2015-10-04 14:10:39
863,2,15836,219,0.9881079923746228,2015-10-06 06:00:40
864,2,13874,85,0.9881241769686856,2015-10-07 22:46:56
865,2,13004,76,0.9881221756472289,2015-10-09 19:13:01
866,2,23841,1256,0.9881371983920837,2015-10-11 12:52:12
867,2,16059,166,0.9881385602213755,2015-10-13 06:11:04
868,2,12872,76,0.9881588843563326,2015-10-15 00:11:15
869,2,16302,148,0.9881664853795592,2015-10-16 19:08:11
870,2,26316,1348,0.9881991452310592,2015-10-18 13:36:07
871,2,16303,170,0.9882050488246765,2015-10-20 07:05:24
872,2,17278,103,0.9882202489643128,2015-10-21 21:46:45
873,2,15301,165,0.9882309386233868,2015-10-23 14:57:49
874,2,25727,1200,0.9882607563034386,2015-10-25 08:46:41
875,2,17127,190,0.988285621007418,2015-10-27 03:46:33
876,2,18900,78,0.9882992099431903,2015-10-28 18:41:59
877,2,22283,102,0.9883800576871324,2015-10-30 13:40:18
878,2,28372,1309,0.9884417955033753,2015-11-01 07:55:44
879,2,21366,265,0.9884526854022236,2015-11-03 00:32:31
880,2,24048,129,0.9884961061599987,2015-11-04 18:24:00
881,2,23155,103,0.9885292090397191,2015-11-06 10:48:44
882,2,27147,1051,0.9885397076833164,2015-11-08 04:18:04
883,2,23213,211,0.9885262956250717,2015-11-09 20:51:59
884,2,19855,87,0.9885401381640011,2015-11-11 17:58:50
885,2,17962,71,0.9885523302037793,2015-11-13 12:07:47
886,2,27217,1131,0.9885553298129945,2015-11-15 07:19:25
887,2,20945,244,0.9885596664331284,2015-11-17 02:12:32
888,2,20386,109,0.9885805674542175,2015-11-18 20:38:55
889,2,18217,65,0.9885888128965844,2015-11-20 15:23:11
890,2,26781,1043,0.988604357227981,2015-11-22 16:05:51
891,2,18230,133,0.988612457621943,2015-11-24 09:11:55
892,2,19718,96,0.9886389511024382,2015-11-26 06:57:30
893,2,20432,144,0.9886745524380836,2015-11-28 05:48:28
894,2,27682,1184,0.9886991072983488,2015-11-29 18:56:46
895,2,19939,182,0.988717910888666,2015-12-01 06:01:23
896,2,17422,84,0.9887341778768328,2015-12-02 17:10:49
897,2,14437,77,0.9887434320408411,2015-12-04 07:56:38
898,2,27341,1216,0.988762820079254,2015-12-06 01:18:24
899,2,20021,226,0.9887831662748569,2015-12-07 22:13:01
900,2,21717,104,0.9887897951510551,2015-12-09 16:24:04
901,2,17128,90,0.9887941321543856,2015-12-11 06:56:34
902,2,28498,1201,0.9888208659974405,2015-12-12 21:53:21
903,2,18380,251,0.9888293193754624,2015-12-14 15:19:13
904,2,25380,109,0.9888605989071474,2015-12-16 10:34:15
905,2,20777,85,0.9888653972662789,2015-12-18 04:52:04
906,2,24192,1247,0.9888875926437932,2015-12-19 19:57:43
907,2,22306,268,0.9888966418352988,2015-12-21 13:47:56
908,2,20827,115,0.9888878508599187,2015-12-23 10:18:51
909,2,17913,90,0.9889042989360463,2015-12-25 01:44:16
910,2,14663,88,0.9889068736936184,2015-12-26 16:12:32
911,2,27856,1365,0.9889329298003866,2015-12-28 10:40:36
912,2,18760,136,0.9889430996798042,2015-12-30 06:40:52
913,2,15909,101,0.9889536394761479,2016-01-01 00:49:22
914,2,29913,1142,0.9890225848629225,2016-01-02 20:29:23
915,2,19879,254,0.9890139532014497,2016-01-04 12:34:50
916,2,16301,114,0.9890205092060181,2016-01-06 04:27:17
917,2,17639,99,0.9890271623051212,2016-01-07 22:19:16
918,2,32983,1283,0.9890226042759133,2016-01-09 15:48:34
919,2,23248,219,0.9890118515019855,2016-01-11 09:04:47
920,2,21317,164,0.989011198331557,2016-01-12 22:35:03
921,2,17512,88,0.9890404608599245,2016-01-14 17:09:09
922,2,19019,75,0.98906575814099,2016-01-16 12:26:07
923,2,32487,1506,0.9890762614382355,2016-01-18 05:47:43
924,2,17019,229,0.9890740673970823,2016-01-19 22:40:24
925,2,21118,103,0.9890917409059504,2016-01-21 18:30:23
926,2,17580,89,0.989102895074231,2016-01-23 12:11:56
927,2,32682,1175,0.9891181748149621,2016-01-25 04:42:15
928,2,32075,219,0.9891215511162408,2016-01-26 21:36:27
929,2,32451,117,0.9891288105056962,2016-01-28 14:09:03
930,2,34826,104,0.9891384751218384,2016-01-30 11:26:34
931,2,41905,1067,0.9891524796102382,2016-02-01 10:42:58
932,2,25631,106,0.9892005258411531,2016-02-03 00:21:30
933,2,20273,75,0.9891906440400757,2016-02-04 16:12:20
934,2,22325,130,0.9891981076129389,2016-02-06 09:03:17
935,2,30180,1004,0.9892282499600371,2016-02-08 01:21:20
936,2,21550,176,0.989240287456512,2016-02-09 18:52:27
937,2,18801,88,0.9892772659615814,2016-02-11 15:13:35
938,2,21434,121,0.9893099599440474,2016-02-13 09:45:23
939,2,28006,1005,0.9893218278067556,2016-02-15 03:12:28
940,2,20680,144,0.9893469124659943,2016-02-16 19:43:26
941,2,21678,115,0.9893546130986277,2016-02-18 13:32:24
942,2,24041,92,0.9893731428860668,2016-02-20 09:20:30
943,2,34070,1095,0.9893977172892205,2016-02-22 02:08:58
944,2,24983,189,0.9894165023244973,2016-02-23 20:23:42
945,2,22165,81,0.9894306153344778,2016-02-25 12:31:19
946,2,21545,90,0.9894415613987025,2016-02-27 06:59:35
947,2,26031,861,0.9894575375681598,2016-02-28 21:59:27
948,2,24688,232,0.9894603563516858,2016-03-01 19:27:28
949,2,26901,103,0.9894818464016756,2016-03-03 14:13:55
950,2,22304,98,0.9895051697968986,2016-03-05 07:05:27
951,2,32408,1025,0.9895527721908615,2016-03-07 00:05:29
952,2,21155,122,0.9895496872195261,2016-03-08 16:46:20
953,2,15524,109,0.9895565670847056,2016-03-10 10:46:48
954,2,25525,120,0.9895862825962575,2016-03-12 08:36:22
955,2,29253,1034,0.9896130349364397,2016-03-14 02:02:17
956,2,24196,263,0.9896171062110726,2016-03-15 19:54:44
957,2,21983,114,0.9896396251444892,2016-03-17 11:50:35
958,2,22444,84,0.9896532271710059,2016-03-19 02:42:26
959,2,28374,835,0.9896702731886116,2016-03-20 17:56:58
960,2,22627,220,0.9896719812943222,2016-03-22 09:21:47
961,2,30954,106,0.9896730036316521,2016-03-24 00:44:33
962,2,27348,110,0.9896878930575917,2016-03-25 21:32:46
963,2,34407,1096,0.9897159060218832,2016-03-27 15:54:07
964,2,26276,153,0.989718763155126,2016-03-29 09:40:15
965,2,20534,116,0.9897610445558659,2016-03-31 03:50:00
966,2,19358,101,0.9897569302137472,2016-04-01 23:11:09
967,2,39149,994,0.9897900895444192,2016-04-03 15:25:06
968,2,26344,257,0.9897920211038636,2016-04-05 08:35:52
969,2,28307,135,0.989786357180566,2016-04-07 01:32:38
970,2,29216,125,0.9898171091324537,2016-04-08 22:40:20
971,2,30121,982,0.9898321287377922,2016-04-10 19:43:07
972,2,28010,261,0.9898593142136654,2016-04-12 13:15:44
973,2,22634,114,0.9898688398414431,2016-04-14 07:21:58
974,2,27436,147,0.9898857206418828,2016-04-16 02:33:35
975,2,27193,1118,0.9898985908282538,2016-04-17 22:48:05
976,2,24750,162,0.9899110395257648,2016-04-19 13:53:15
977,2,26186,138,0.989915856198977,2016-04-21 07:40:38
978,2,22651,136,0.989929638035193,2016-04-23 04:20:16
979,2,36948,1073,0.9899619989471728,2016-04-24 23:26:47
980,2,27967,153,0.9900013298751633,2016-04-26 13:33:19
981,2,26281,146,0.990044416812304,2016-04-28 05:59:29
982,2,30873,134,0.9900647055431802,2016-04-30 00:44:06
983,2,33213,1005,0.990077976621128,2016-05-01 18:52:23
984,3,28893,205,0.9900974171743642,2016-05-03 16:26:03
985,3,27102,140,0.9901097121265824,2016-05-05 13:40:57
986,3,29548,274,0.9901311073055414,2016-05-07 05:51:48
987,2,21291,485,0.9901490609629168,2016-05-08 21:25:10
988,3,31088,203,0.9901624362163263,2016-05-10 16:32:38
989,3,24765,208,0.9901697903113639,2016-05-12 10:58:06
990,3,26851,186,0.9901760124418101,2016-05-14 04:12:27
991,3,28862,737,0.9902008750988487,2016-05-15 21:47:38
992,3,25730,254,0.9902056725266692,2016-05-17 12:06:45
993,3,26542,233,0.9902111419071882,2016-05-19 04:40:09
994,3,30202,226,0.990248631517781,2016-05-20 23:44:06
995,3,28322,731,0.9902728593044406,2016-05-22 19:02:59
996,3,29109,222,0.9902784657260031,2016-05-24 12:43:22
997,3,21628,189,0.990304992440634,2016-05-26 03:48:52
998,3,27474,194,0.9903233845698878,2016-05-27 22:57:33
999,3,30946,594,0.9903675084808468,2016-05-29 15:42:44
1000,3,31163,300,0.9904214142472302,2016-05-31 18:25:06
1001,3,30890,134,0.9904563837112835,2016-06-02 22:26:45
1002,3,28559,523,0.9904759686560475,2016-06-04 15:16:31
1003,3,17557,149,0.9904850176291591,2016-06-06 07:52:13
1004,3,26363,233,0.9904909038184151,2016-06-07 22:00:31
1005,3,17046,103,0.9904892791113177,2016-06-09 13:26:22
1006,3,19643,123,0.990495704307368,2016-06-11 08:26:34
1007,3,22273,116,0.9904944170666514,2016-06-13 00:01:57
1008,3,30015,744,0.9905624537986244,2016-06-14 18:19:12
1009,3,24762,145,0.9905798015948419,2016-06-16 11:59:33
1010,3,28119,102,0.9906493361253623,2016-06-18 04:35:36
1011,3,21221,136,0.990677850945282,2016-06-19 17:55:49
1012,3,28586,598,0.9907293440645727,2016-06-21 11:40:09
1013,3,26845,241,0.9907454411140304,2016-06-23 05:31:55
1014,3,20773,95,0.9907443901426197,2016-06-25 01:25:15
1015,3,21285,136,0.9907606301004843,2016-06-26 23:24:36
1016,3,25082,694,0.9907903473755331,2016-06-28 13:51:54
1017,3,16533,121,0.9907839109740183,2016-06-30 05:52:41
1018,3,26985,137,0.9908164641000353,2016-07-02 00:11:30
1019,3,18678,93,0.9907875637339285,2016-07-03 15:11:23
1020,3,18619,608,0.9908037310494274,2016-07-05 05:53:01
1021,3,17789,114,0.9908089888791508,2016-07-06 23:55:24
1022,2,19374,98,0.9908297163025034,2016-07-09 06:32:10
1023,3,18925,445,0.9908210320257814,2016-07-11 00:24:09
1024,3,14551,208,0.990830277052292,2016-07-12 12:05:08
1025,3,16636,100,0.9908564200156164,2016-07-14 00:43:21
1026,3,17001,113,0.9908665128975793,2016-07-15 18:29:38
1027,3,18496,517,0.9908806234627894,2016-07-17 08:18:00
1028,3,16934,227,0.9908897009639827,2016-07-19 00:57:06
1029,3,14831,102,0.9908974900467364,2016-07-20 19:47:21
1030,3,17900,176,0.9909252862085974,2016-07-22 16:40:42
1031,3,15187,93,0.9909186605406369,2016-07-24 12:07:19
1032,3,21393,724,0.9909428833792138,2016-07-26 07:14:42
1033,3,14707,131,0.9909551773415557,2016-07-27 22:59:00
1034,3,14241,95,0.9909596675742673,2016-07-29 15:34:26
1035,3,18686,521,0.9909648839806856,2016-07-31 08:24:12
1036,3,16414,118,0.9909772005540558,2016-08-01 23:40:11
1037,3,22273,244,0.9909983144727905,2016-08-03 16:30:16
1038,3,15618,97,0.9910113964421304,2016-08-05 08:25:04
1039,3,15107,110,0.9909674109438266,2016-08-07 01:00:13
1040,3,26037,693,0.9909373049248439,2016-08-08 20:33:33
1041,3,17407,244,0.9909171539357341,2016-08-10 14:00:54
1042,2,18913,112,0.990916154154239,2016-08-12 06:05:18
1043,2,16021,105,0.9909045526222734,2016-08-13 21:21:54
1044,2,22915,641,0.9909099580173653,2016-08-15 17:04:34
1045,2,19635,175,0.9909102959952795,2016-08-17 13:55:56
1046,2,17206,107,0.9909118299040928,2016-08-19 09:19:48
1047,3,17879,88,0.9909181585418642,2016-08-21 00:25:57
1048,2,20789,722,0.9909216853683716,2016-08-22 15:32:00
1049,2,20861,205,0.9909369338510673,2016-08-24 07:52:00
1050,3,14738,112,0.9909408119822005,2016-08-26 03:20:56
1051,2,19165,617,0.9909553153369274,2016-08-27 21:41:59
1052,2,13654,131,0.9909683324764079,2016-08-29 14:15:34
1053,2,16771,279,0.9909772651246814,2016-08-31 09:28:35
1054,2,11934,89,0.9909829564517886,2016-09-02 00:34:57
1055,2,16518,106,0.9909985647788071,2016-09-03 18:19:01
1056,2,19350,701,0.9910086572174054,2016-09-05 11:42:09
1057,2,15641,276,0.9910144461967215,2016-09-07 07:36:33
1058,2,13100,99,0.9910214963257546,2016-09-09 00:17:59
1059,2,11757,111,0.9910363478556811,2016-09-10 17:32:12
1060,2,17895,578,0.991057253998765,2016-09-12 09:44:22
1061,2,16299,274,0.991070765007683,2016-09-14 06:26:01
1062,2,13056,108,0.9910677662158647,2016-09-15 22:17:49
1063,2,15088,110,0.9910793993791217,2016-09-17 16:03:50
1064,2,17977,731,0.9910931887975741,2016-09-19 09:06:57
1065,2,15855,281,0.9910873696926319,2016-09-21 01:11:47
1066,2,14639,123,0.9910952202285205,2016-09-22 20:20:48
1067,2,11022,132,0.9910999949527747,2016-09-24 11:09:40
1068,2,17292,813,0.9911119598021467,2016-09-26 06:43:03
1069,2,13632,163,0.99112186507924,2016-09-28 02:08:31
1070,2,15471,253,0.9911376159661507,2016-09-29 20:52:03
1071,2,13284,128,0.9911421857061546,2016-10-01 13:55:19
1072,2,16888,960,0.9911507012095859,2016-10-03 05:21:04
1073,2,13227,179,0.9911558611059337,2016-10-04 21:36:11
1074,2,15133,206,0.9911648047459147,2016-10-06 18:21:10
1075,2,13389,143,0.9911677114662945,2016-10-08 14:11:38
1076,2,17201,969,0.9911811830215089,2016-10-10 08:13:20
1077,2,14507,222,0.9911964125608973,2016-10-12 02:14:34
1078,2,13896,191,0.9912095152766022,2016-10-13 19:41:27
1079,2,15739,101,0.9912057759997808,2016-10-15 17:55:53
1080,2,22426,968,0.9912269515443849,2016-10-17 12:24:47
1081,2,12202,109,0.9912273226272191,2016-10-19 04:53:51
1082,2,13245,199,0.9912383501940731,2016-10-20 21:44:56
1083,2,11889,163,0.9912447659376211,2016-10-22 17:35:26
1084,2,22177,1037,0.9912605392185249,2016-10-24 13:13:16
1085,2,15182,168,0.991273986896639,2016-10-26 04:47:11
1086,2,13597,180,0.9912904555438072,2016-10-27 19:23:57
1087,2,13448,110,0.9912997670699911,2016-10-29 12:23:14
1088,2,19144,935,0.9913146881006477,2016-10-31 06:07:28
1089,2,16063,261,0.9913374487634216,2016-11-01 19:46:17
1090,2,12097,69,0.99134093240433,2016-11-03 11:03:03
1091,2,14741,170,0.9913362285993975,2016-11-05 04:25:46
1092,2,23306,1101,0.9913556325850793,2016-11-06 23:43:07
1093,2,16790,169,0.9913662056905869,2016-11-08 19:48:23
1094,2,14264,162,0.9913722953126536,2016-11-10 13:22:23
1095,2,11928,100,0.991377584474176,2016-11-12 01:36:10
1096,2,14233,130,0.9913930675114476,2016-11-13 19:04:59
1097,2,21942,1026,0.9914072951524258,2016-11-15 12:38:20
1098,2,13892,133,0.9914150321999,2016-11-17 05:19:47
1099,2,12943,128,0.9914349235912543,2016-11-18 23:31:07
1100,2,19889,949,0.9914459360138128,2016-11-20 16:55:32
1101,2,14308,126,0.9914543320413169,2016-11-22 09:09:26
1102,2,11910,120,0.9914654584236952,2016-11-24 01:18:46
1103,2,11094,104,0.991477092627133,2016-11-25 15:17:19
1104,2,17369,981,0.9914908340600584,2016-11-27 06:38:08
1105,2,16047,183,0.9915030014478867,2016-11-28 23:26:06
1106,2,11982,234,0.9915020739784565,2016-11-30 14:55:41
1107,2,13698,126,0.9915134357314719,2016-12-02 07:56:44
1108,2,20361,1112,0.9915252001948694,2016-12-04 01:25:52
1109,2,17277,215,0.9915327474243933,2016-12-05 20:18:57
1110,2,11553,101,0.9915374043945313,2016-12-07 11:54:06
1111,2,12381,122,0.9915502494745113,2016-12-09 03:51:41
1112,2,17726,1137,0.9915580038757147,2016-12-10 20:35:40
1113,2,17316,162,0.9915734318695358,2016-12-12 16:24:40
1114,2,11513,119,0.9915865736971385,2016-12-14 11:21:23
1115,2,12877,106,0.9915928341318196,2016-12-16 04:54:12
1116,2,20295,1463,0.9916278431068214,2016-12-18 01:05:24
1117,2,12417,160,0.9916386743010904,2016-12-19 16:43:59
1118,2,12267,102,0.9916522906143397,2016-12-21 10:36:28
1119,2,13067,106,0.9916863581396226,2016-12-23 06:23:49
1120,2,23810,1224,0.9917310309064246,2016-12-25 01:52:40
1121,2,12472,116,0.9917419107273203,2016-12-26 19:02:17
1122,2,11758,119,0.9917546227108415,2016-12-28 06:58:37
1123,2,12174,102,0.9917679194140366,2016-12-29 20:28:37
1124,2,12267,110,0.9917781885495682,2016-12-31 11:32:42
1125,2,21672,1642,0.9917903864655789,2017-01-02 05:37:52
1126,2,15254,189,0.9917868771826535,2017-01-04 00:00:57
1127,2,19871,161,0.9917989703475321,2017-01-05 15:52:11
1128,1,24655,1326,0.9918143818305848,2017-01-07 12:01:59
1129,2,14004,137,0.9918117481693289,2017-01-09 07:23:12
1130,2,17896,377,0.9918255232428812,2017-01-10 23:37:03
1131,2,17107,127,0.9918144454425925,2017-01-12 13:48:31
1132,2,12484,108,0.9918049286110976,2017-01-14 02:27:09
1133,2,36046,2113,0.9918270377717373,2017-01-15 18:45:51
1134,2,12378,125,0.9918224804201201,2017-01-17 08:55:43
1135,2,13918,156,0.9918220417611173,2017-01-19 00:18:31
1136,2,14589,126,0.9918183650082442,2017-01-20 14:45:51
1137,2,26317,2075,0.9918326790838203,2017-01-22 07:26:41
1138,1,16166,205,0.9918223880002462,2017-01-24 00:37:59
1139,2,12144,119,0.9918124369108609,2017-01-25 17:19:26
1140,2,12279,139,0.9918026913483842,2017-01-27 10:27:27
1141,2,23521,2030,0.9917947874300583,2017-01-29 03:24:02
1142,2,17468,222,0.9917674865211852,2017-01-30 21:35:35
1143,2,15132,143,0.9917392439564859,2017-02-01 13:10:46
1144,2,15154,137,0.9917182044039526,2017-02-03 05:33:30
1145,2,26467,2047,0.9917094259879528,2017-02-05 00:15:42
1146,2,21431,233,0.99167491615948,2017-02-06 22:24:32
1147,2,15822,121,0.9916635171514666,2017-02-08 15:09:34
1148,2,19132,423,0.9916632370965723,2017-02-10 08:25:30
1149,3,26959,2154,0.991658743429389,2017-02-12 03:57:43
1150,3,20932,267,0.9916477281889067,2017-02-14 00:19:17
1151,3,13754,144,0.9916480930700737,2017-02-15 16:50:43
1152,3,14029,129,0.9916538947445497,2017-02-17 09:31:37
1153,3,32522,2167,0.9916780993556102,2017-02-19 01:40:48
1154,3,20307,253,0.9916697208539562,2017-02-20 17:46:41
1155,3,17896,152,0.9916462367806743,2017-02-22 15:48:23
1156,2,16012,137,0.9916565005128974,2017-02-24 10:29:57
1157,3,31260,2517,0.9916759183302529,2017-02-26 04:25:03
1158,3,22786,258,0.9916716602708006,2017-02-27 18:03:37
1159,3,14738,150,0.9916793486518175,2017-03-01 10:51:30
1160,3,21305,141,0.9917257135012394,2017-03-03 04:42:01
1161,3,31252,2540,0.9917476398388414,2017-03-05 02:00:14
1162,3,20573,311,0.991753014283203,2017-03-06 21:47:24
1163,3,19673,158,0.9917640953074968,2017-03-08 17:19:34
1164,3,17010,131,0.9917832054082492,2017-03-10 12:18:35
1165,3,30717,2490,0.9918219458997621,2017-03-12 07:47:04
1166,3,20023,231,0.9918240904858879,2017-03-14 00:30:05
1167,3,17826,148,0.9918058605526727,2017-03-15 17:54:10
1168,3,18267,159,0.9917828752755905,2017-03-17 08:13:16
1169,3,39742,2530,0.9917636600728161,2017-03-19 02:02:41
1170,3,25640,273,0.9917147163601033,2017-03-20 23:03:09
1171,3,15548,155,0.9916840901059566,2017-03-22 13:32:02
1172,3,18994,141,0.9916631993500616,2017-03-24 05:05:24
1173,3,38870,2978,0.991657793240708,2017-03-25 23:55:28
1174,2,26463,432,0.9916343105184918,2017-03-27 19:59:53
1175,3,16950,185,0.9916241434975186,2017-03-29 16:43:15
1176,3,33551,289,0.9916857988529667,2017-03-31 10:13:27
1177,3,39654,2935,0.9916938505362611,2017-04-02 02:41:21
1178,3,34543,594,0.9916268558439931,2017-04-03 18:08:32
1179,3,24031,509,0.9915716135281739,2017-04-05 06:48:04
1180,3,37574,566,0.9914987392530691,2017-04-06 22:10:18
1181,2,25023,564,0.9914957567158437,2017-04-08 17:47:07
1182,3,35366,1899,0.9915337620743782,2017-04-10 14:43:24
1183,2,25302,546,0.9915037676246198,2017-04-12 09:47:01
1184,2,26399,597,0.9914548496141897,2017-04-14 03:38:17
1185,2,21712,593,0.9913924600810856,2017-04-15 20:18:29
1186,2,36140,1658,0.9913898869174479,2017-04-17 12:35:07
1187,2,22685,482,0.9913319834369086,2017-04-18 19:45:50
1188,2,22792,463,0.9913244621867808,2017-04-20 03:37:58
1189,2,23472,503,0.9912814923133116,2017-04-21 17:06:47
1190,2,42417,1697,0.9911683753454499,2017-04-23 12:43:47
1191,2,30159,509,0.9911034610281907,2017-04-25 01:33:24
1192,2,28227,534,0.9910000639881116,2017-04-26 15:58:05
1193,2,33024,541,0.9909295435152469,2017-04-28 14:39:12
1194,2,39286,1298,0.9908342802693932,2017-04-30 13:49:26
1195,2,28418,532,0.990812707178444,2017-05-02 05:09:37
1196,2,24934,498,0.9907534536017878,2017-05-03 12:40:14
1197,2,54870,567,0.9904737403737086,2017-05-04 23:49:40
1198,2,45789,581,0.990375586674046,2017-05-06 13:25:37
1199,2,52223,1416,0.9903044034198802,2017-05-08 03:30:34
1200,3,52434,583,0.990279031504836,2017-05-09 19:25:09
1201,3,64407,765,0.990365242716147,2017-05-11 11:47:48
1202,2,43092,621,0.9904172778554446,2017-05-13 00:14:23
1203,2,48200,1341,0.9904237778153154,2017-05-14 10:59:41
1204,3,46076,776,0.9905354951355164,2017-05-16 00:49:54
1205,2,68186,789,0.9907179819336536,2017-05-17 19:45:05
1206,2,53530,742,0.990662072531586,2017-05-19 14:20:02
1207,2,59799,1391,0.9906524297479518,2017-05-21 07:29:27
1208,2,69644,797,0.9907733742846387,2017-05-22 21:56:43
1209,2,68866,770,0.9907629003744621,2017-05-24 14:24:11
1210,2,70447,826,0.9907307469221135,2017-05-26 09:19:32
1211,2,61941,1462,0.9907727199712493,2017-05-28 03:38:11
1212,2,52367,814,0.9907319165327537,2017-05-29 23:01:56
1213,2,46289,759,0.9907459991094822,2017-05-31 11:42:38
1214,2,62352,796,0.9906604933950293,2017-06-02 03:43:49
1215,2,58116,776,0.9905900111462123,2017-06-03 17:58:57
1216,2,62378,1450,0.9905628351814932,2017-06-05 11:38:48
1217,2,71470,784,0.9904938295852532,2017-06-07 09:19:26
1218,1,74840,974,0.9904224956824864,2017-06-09 15:04:10
1219,1,81876,1554,0.9903933060025437,2017-06-11 16:48:51
1220,1,62661,845,0.9903172897516997,2017-06-13 03:49:03
1221,1,62960,871,0.9902269977574459,2017-06-14 17:46:00
1222,1,69771,930,0.9901161903580369,2017-06-16 11:45:36
1223,1,102649,1566,0.9900548400247473,2017-06-18 04:53:27
1224,2,73952,892,0.9899429997173981,2017-06-19 15:55:22
1225,2,91465,1128,0.9898292737221603,2017-06-21 04:10:10
1226,2,88852,1106,0.989746931362419,2017-06-22 23:42:52
1227,2,76265,1455,0.9896341488288848,2017-06-24 20:55:29
1228,2,67229,1065,0.9895687661434696,2017-06-26 14:42:53
1229,2,76151,1330,0.9894478668506297,2017-06-28 11:48:35
1230,2,61892,1201,0.9892831015727576,2017-06-30 02:58:32
1231,2,55578,1197,0.9891967284744286,2017-07-01 20:32:54
1232,2,79111,1746,0.9890275035297229,2017-07-03 15:57:15
1233,2,81538,1369,0.9888215102315056,2017-07-05 06:25:41
1234,2,72190,1282,0.988444634345052,2017-07-06 20:53:05
1235,2,67804,1278,0.9882477276971819,2017-07-08 11:00:38
1236,2,70011,1583,0.9879822073287705,2017-07-10 06:09:59
1237,2,80642,1510,0.9878668441938504,2017-07-11 23:34:06
1238,2,72623,1327,0.9878392991877555,2017-07-13 15:31:27
1239,2,80250,1486,0.9877015687399445,2017-07-15 09:54:08
1240,1,77908,1779,0.9874830117135381,2017-07-17 00:45:59
1241,2,73098,1368,0.9872816318695403,2017-07-18 12:46:23
1242,2,76222,1414,0.9872668393573377,2017-07-20 00:00:14
1243,2,89824,1349,0.9872227350198114,2017-07-21 13:27:03
1244,2,82039,1737,0.9872199839352097,2017-07-23 03:07:31
1245,2,64419,1226,0.9873591658280436,2017-07-24 16:38:48
1246,2,70626,1323,0.986963987625776,2017-07-26 11:53:42
1247,2,70246,1480,0.9866740687603242,2017-07-28 02:51:27
1248,2,69354,1473,0.9864630152703564,2017-07-29 17:24:21
1249,2,65798,1740,0.9862445748454822,2017-07-31 06:52:27
1250,2,78096,1601,0.9860606088005577,2017-08-02 00:15:28
1251,2,71051,1297,0.9860548980092704,2017-08-03 16:42:00
1252,2,82141,1568,0.9861896649407011,2017-08-05 08:35:29
1253,2,89509,1639,0.986377286472729,2017-08-07 04:01:26
1254,2,95658,1890,0.9864326153082879,2017-08-08 20:21:29
1255,2,84324,1544,0.9863739343061292,2017-08-10 12:49:41
1256,2,104964,1776,0.9865186712874245,2017-08-12 07:17:08
1257,2,80878,1801,0.9866474567232063,2017-08-13 21:37:05
1258,2,102201,1804,0.986617112725654,2017-08-15 17:45:30
1259,2,86397,1704,0.98644269764727,2017-08-17 13:28:05
1260,2,101075,1892,0.986340239436402,2017-08-19 09:09:40
1261,2,88280,1725,0.9863829973292344,2017-08-21 02:17:43
1262,2,73627,1447,0.9862236105997628,2017-08-22 17:00:41
1263,2,102074,1871,0.9862805877525906,2017-08-24 07:09:06
1264,2,97820,1751,0.9860450877873173,2017-08-25 22:19:16
1265,2,75405,1541,0.9860255493632488,2017-08-27 11:02:45
1266,2,107775,1838,0.9854823254280624,2017-08-28 22:12:14
1267,2,96239,1742,0.9848827499401038,2017-08-30 07:35:47
1268,2,106871,2007,0.9848469241096015,2017-08-31 21:16:06
1269,2,145277,2674,0.9847582081954749,2017-09-02 12:31:47
1270,2,115268,2324,0.9847285911408867,2017-09-04 06:19:07
1271,2,133968,2550,0.9847149379797097,2017-09-06 00:36:13
1272,2,107941,2001,0.9846770746719036,2017-09-07 13:45:43
1273,2,105244,2354,0.9846607831665817,2017-09-09 02:21:06
1274,2,101513,2325,0.9845874214196768,2017-09-10 22:00:45
1275,2,99717,2452,0.9846236754491824,2017-09-12 15:05:45
1276,2,104348,2465,0.9847051463866798,2017-09-14 08:05:03
1277,2,150355,3193,0.9845814340994691,2017-09-15 23:30:35
1278,2,100872,2803,0.984416736649799,2017-09-17 15:10:15
1279,2,112155,2648,0.9843440179939787,2017-09-19 07:07:59
1280,2,104427,2586,0.9842378977150966,2017-09-20 23:37:46
1281,2,100545,2698,0.9841973813957418,2017-09-22 15:06:59
1282,2,85558,2386,0.9841441713598352,2017-09-24 07:04:51
1283,2,89949,2596,0.9840269894540692,2017-09-25 23:20:26
1284,2,91994,2615,0.9839368757427335,2017-09-27 17:44:31
1285,2,95234,2732,0.9838502850067062,2017-09-29 09:50:58
1286,2,84566,2718,0.9837459181399119,2017-10-01 00:13:42
1287,2,80557,2683,0.983714071556071,2017-10-02 16:05:40
1288,2,84523,2666,0.9836507883235043,2017-10-04 07:42:40
1289,2,92046,2637,0.9836270111845188,2017-10-06 02:06:18
1290,2,88336,2448,0.983593832185068,2017-10-07 18:57:03
1291,2,87959,2578,0.9836221119740496,2017-10-09 12:00:00
1292,2,108201,3202,0.9836471031451423,2017-10-11 09:37:43
1293,2,114655,3164,0.9836972740780341,2017-10-13 04:51:03
1294,2,107554,2983,0.9836884344491729,2017-10-14 19:58:16
1295,2,94902,3095,0.9837201164254871,2017-10-16 07:28:39
1296,2,119168,3534,0.9836152508415815,2017-10-18 02:40:56
1297,2,109789,3083,0.9835515311519895,2017-10-19 18:30:29
1298,2,106614,3233,0.983523856876087,2017-10-21 12:40:38
1299,2,109068,3729,0.9835055835617248,2017-10-23 08:33:16
1300,2,135011,3413,0.9834257548195825,2017-10-25 01:06:18
1301,2,107675,2736,0.9834043973486453,2017-10-26 19:27:39
1302,2,99180,2518,0.9834507863248632,2017-10-28 11:32:13
1303,2,104316,3064,0.9834360463243497,2017-10-30 02:51:22
1304,2,104507,2897,0.983418756114876,2017-10-31 19:10:32
1305,2,121501,3323,0.9835358497354374,2017-11-02 15:37:50
1306,2,107450,2991,0.9835273301837917,2017-11-04 08:33:06
1307,2,96394,2983,0.9835672851409853,2017-11-06 02:16:54
1308,2,112637,2806,0.9834834383218822,2017-11-07 21:05:35
1309,2,120025,3380,0.9832946220836329,2017-11-09 16:15:32
1310,3,115863,3014,0.9832215212552798,2017-11-11 05:10:05
1311,3,117485,3126,0.9831968629243537,2017-11-12 17:23:12
1312,3,119221,3122,0.9830935635924842,2017-11-14 11:30:06
1313,3,125315,3447,0.9829323785304322,2017-11-16 09:07:55
1314,2,149308,3776,0.9825631296934643,2017-11-18 04:36:49
1315,3,98350,2894,0.9824787209128645,2017-11-19 17:26:24
1316,3,124505,3470,0.9822862204634576,2017-11-21 04:09:30
1317,3,140282,4143,0.9821388975701628,2017-11-22 23:11:23
1318,3,139238,3843,0.9819975692074038,2017-11-24 18:09:31
1319,3,148678,4381,0.9818263882368443,2017-11-26 11:41:10
1320,2,154519,4216,0.9817577965936186,2017-11-27 22:36:17
1321,3,175979,4979,0.9816311635077943,2017-11-29 11:18:10
1322,3,192931,5311,0.9814034513891118,2017-12-01 00:12:53
1323,3,199923,6239,0.9811119440406886,2017-12-02 23:39:17
1324,2,169731,4740,0.9809703993144872,2017-12-04 14:34:36
1325,2,218028,5044,0.9809297951575301,2017-12-06 01:55:58
1326,3,228543,5583,0.9811066608845354,2017-12-07 09:47:22
1327,3,208500,5312,0.9810848123563117,2017-12-08 13:16:52
1328,3,270577,7560,0.9810139946823204,2017-12-09 21:34:51
1329,3,214622,5373,0.9808780100392084,2017-12-11 05:41:26
1330,3,463654,11844,0.9806768942400901,2017-12-12 19:30:43
1331,3,535777,12445,0.9807798579326628,2017-12-14 10:02:06
1332,3,519175,11062,0.9811440526873171,2017-12-16 01:05:10
1333,3,376088,8379,0.9812246880520873,2017-12-17 12:41:19
1334,3,499712,10353,0.9810224107840781,2017-12-19 06:30:14
1335,3,749230,12365,0.9807108568048474,2017-12-21 01:37:15
1336,3,653667,12206,0.9805492132376317,2017-12-22 19:16:30
1337,3,460146,9351,0.9804699625515138,2017-12-24 10:44:52
1338,3,371300,7153,0.980466882412753,2017-12-26 03:21:53
1339,3,402968,7970,0.980410093446463,2017-12-27 18:44:39
1340,2,478133,8678,0.9802194339534269,2017-12-29 11:02:52
1341,3,724390,9157,0.9804283719558797,2017-12-31 03:12:52
1342,3,440374,7434,0.9800357210591085,2018-01-01 22:42:46
1343,3,563886,8642,0.980079139030579,2018-01-03 16:05:42
1344,3,966410,11494,0.9801928223660722,2018-01-05 08:57:27
1345,3,836139,12734,0.9800914137117551,2018-01-07 03:11:35
1346,3,636235,11736,0.9799364697345004,2018-01-08 23:16:57
1347,3,611865,11901,0.979895825902403,2018-01-10 18:59:13
1348,3,489865,8873,0.9799540923822899,2018-01-12 13:37:45
1349,3,505383,8866,0.9799231122621458,2018-01-14 07:17:39
1350,3,365451,8114,0.9799115787639309,2018-01-15 23:49:23
1351,3,437645,8507,0.9800577376827639,2018-01-17 15:47:29
1352,3,410147,8108,0.9800682299450881,2018-01-19 08:24:22
1353,3,305463,7500,0.9800831694175832,2018-01-21 00:55:51
1354,3,257628,6568,0.9800259700508249,2018-01-22 18:26:13
1355,3,272050,7197,0.9800411241661302,2018-01-24 12:11:08
1356,3,277045,6770,0.9800533652759428,2018-01-26 04:46:52
1357,3,225249,5895,0.979997282457184,2018-01-27 17:24:46
1358,3,311843,6874,0.9797949004498633,2018-01-29 10:41:46
1359,3,238089,6490,0.9797442572567169,2018-01-31 00:49:44
1360,3,248784,6731,0.9798091574298,2018-02-01 18:16:49
1361,3,265966,7116,0.9798746174702458,2018-02-03 11:29:50
1362,3,238601,6695,0.979834608060365,2018-02-05 03:04:58
1363,3,240154,6921,0.9798490708422212,2018-02-06 18:08:35
1364,3,211676,6549,0.9797779902065398,2018-02-08 09:05:26
1365,3,212646,6985,0.9796479021319773,2018-02-10 01:28:21
1366,3,219537,6830,0.979452758369345,2018-02-11 20:21:40
1367,3,188988,6564,0.9793306013395603,2018-02-13 13:03:54
1368,3,294724,8424,0.9791942926926216,2018-02-15 05:18:44
1369,3,271175,9116,0.9787970823451018,2018-02-16 22:38:13
1370,3,283463,9978,0.978132271761297,2018-02-18 14:39:43
1371,3,316412,11020,0.9776834754182272,2018-02-20 08:19:07
1372,3,243243,8370,0.9779414251953565,2018-02-22 00:58:33
1373,3,259005,6918,0.9780552716063764,2018-02-23 17:18:33
1374,3,178095,7104,0.9781933863629814,2018-02-25 11:38:44
1375,3,202004,8307,0.978321613193851,2018-02-27 05:04:20
1376,3,235578,8889,0.9785014385162989,2018-02-28 23:01:53
1377,3,203672,9697,0.9786132830619154,2018-03-02 16:50:24
1378,3,173653,10039,0.9786894524688975,2018-03-04 09:48:44
1379,3,169261,9465,0.9788463747505863,2018-03-06 00:00:27
1380,3,173070,9518,0.978911150173746,2018-03-07 14:18:43
1381,3,309583,11718,0.9789166157469583,2018-03-09 07:25:50
1382,2,177312,10502,0.978903391141777,2018-03-11 00:58:30
1383,2,154097,9042,0.9788907517579153,2018-03-12 18:02:54
1384,3,161488,9498,0.9789008939394414,2018-03-14 10:06:08
1385,3,181959,11272,0.9789276586214506,2018-03-16 04:01:01
1386,3,155549,9243,0.9789591574206351,2018-03-17 20:01:22
1387,3,161153,10046,0.9789854489039802,2018-03-19 14:06:34
1388,3,171552,10655,0.9790053926757966,2018-03-21 08:00:25
1389,2,158447,10148,0.9790544179514457,2018-03-23 00:12:38
1390,3,139805,8758,0.9790953677464076,2018-03-24 14:12:04
1391,3,134750,8804,0.9791305307118876,2018-03-26 05:11:15
1392,3,156256,10101,0.9792185940840661,2018-03-27 22:02:50
1393,3,154089,10214,0.9793137177428124,2018-03-29 14:36:30
1394,3,151769,10456,0.9793441104226291,2018-03-31 06:13:54
1395,3,120364,8061,0.97935333275149,2018-04-01 22:08:00
1396,3,146771,8905,0.9793785407003885,2018-04-03 14:56:10
1397,3,143377,9971,0.9794026803541306,2018-04-05 07:07:24
1398,3,145059,9962,0.9794389309392425,2018-04-06 22:17:32
1399,3,126481,8560,0.979434277817105,2018-04-08 16:06:51
1400,3,139884,10291,0.9794500869167675,2018-04-10 09:26:06
1401,3,157634,10492,0.979472019977703,2018-04-12 05:23:10
1402,3,159980,10440,0.979444972971271,2018-04-13 21:56:17
1403,3,131379,8849,0.9794609677459454,2018-04-15 12:43:32
1404,3,162555,10535,0.9794752660258492,2018-04-17 05:54:42
1405,3,164911,11044,0.9794782143923081,2018-04-18 22:31:59
1406,3,155088,10582,0.9794680913725651,2018-04-20 13:34:17
1407,3,154220,11054,0.9794711581136699,2018-04-22 04:41:46
1408,3,148978,10583,0.9794772202389918,2018-04-23 19:13:39
1409,3,178463,12790,0.9794733651593575,2018-04-25 10:59:18
1410,3,171252,12053,0.9794638183442217,2018-04-27 06:25:28
1411,3,158213,11270,0.9794830544607034,2018-04-28 21:34:02
1412,3,155882,10730,0.9794779193444066,2018-04-30 12:35:52
1413,3,167594,12338,0.9794100571921391,2018-05-02 03:27:32
1414,3,190427,13535,0.979462232115325,2018-05-03 22:54:58
1415,3,173504,12377,0.9794731619185285,2018-05-05 14:27:30
1416,3,152279,12012,0.9793082205652067,2018-05-07 03:22:28
1417,3,164890,12576,0.9793143086245768,2018-05-08 20:12:54
1418,3,157573,12101,0.9793276561873417,2018-05-10 11:41:17
1419,3,169867,12644,0.9793137054765887,2018-05-12 04:51:37
1420,3,143702,9833,0.979315365551712,2018-05-13 20:22:59
1421,3,120441,8878,0.9792943707338415,2018-05-14 18:57:25
