prices,times
0.0,2009-01-05
0.0,2009-01-07
0.0,2009-01-09
0.0,2009-01-11
0.0,2009-01-13
0.0,2009-01-15
0.0,2009-01-17
0.0,2009-01-19
0.0,2009-01-21
0.0,2009-01-23
0.0,2009-01-25
0.0,2009-01-27
0.0,2009-01-29
0.0,2009-01-31
0.0,2009-02-02
0.0,2009-02-04
0.0,2009-02-06
0.0,2009-02-08
0.0,2009-02-10
0.0,2009-02-12
0.0,2009-02-14
0.0,2009-02-16
0.0,2009-02-18
0.0,2009-02-20
0.0,2009-02-22
0.0,2009-02-24
0.0,2009-02-26
0.0,2009-02-28
0.0,2009-03-02
0.0,2009-03-04
0.0,2009-03-06
0.0,2009-03-08
0.0,2009-03-10
0.0,2009-03-12
0.0,2009-03-14
0.0,2009-03-16
0.0,2009-03-18
0.0,2009-03-20
0.0,2009-03-22
0.0,2009-03-24
0.0,2009-03-26
0.0,2009-03-28
0.0,2009-03-30
0.0,2009-04-01
0.0,2009-04-03
0.0,2009-04-05
0.0,2009-04-07
0.0,2009-04-09
0.0,2009-04-11
0.0,2009-04-13
0.0,2009-04-15
0.0,2009-04-17
0.0,2009-04-19
0.0,2009-04-21
0.0,2009-04-23
0.0,2009-04-25
0.0,2009-04-27
0.0,2009-04-29
0.0,2009-05-01
0.0,2009-05-03
0.0,2009-05-05
0.0,2009-05-07
0.0,2009-05-09
0.0,2009-05-11
0.0,2009-05-13
0.0,2009-05-15
0.0,2009-05-17
0.0,2009-05-19
0.0,2009-05-21
0.0,2009-05-23
0.0,2009-05-25
0.0,2009-05-27
0.0,2009-05-29
0.0,2009-05-31
0.0,2009-06-02
0.0,2009-06-04
0.0,2009-06-06
0.0,2009-06-08
0.0,2009-06-10
0.0,2009-06-12
0.0,2009-06-14
0.0,2009-06-16
0.0,2009-06-18
0.0,2009-06-20
0.0,2009-06-22
0.0,2009-06-24
0.0,2009-06-26
0.0,2009-06-28
0.0,2009-06-30
0.0,2009-07-02
0.0,2009-07-04
0.0,2009-07-06
0.0,2009-07-08
0.0,2009-07-10
0.0,2009-07-12
0.0,2009-07-14
0.0,2009-07-16
0.0,2009-07-18
0.0,2009-07-20
0.0,2009-07-22
0.0,2009-07-24
0.0,2009-07-26
0.0,2009-07-28
0.0,2009-07-30
0.0,2009-08-01
0.0,2009-08-03
0.0,2009-08-05
0.0,2009-08-07
0.0,2009-08-09
0.0,2009-08-11
0.0,2009-08-13
0.0,2009-08-15
0.0,2009-08-17
0.0,2009-08-19
0.0,2009-08-21
0.0,2009-08-23
0.0,2009-08-25
0.0,2009-08-27
0.0,2009-08-29
0.0,2009-08-31
0.0,2009-09-02
0.0,2009-09-04
0.0,2009-09-06
0.0,2009-09-08
0.0,2009-09-10
0.0,2009-09-12
0.0,2009-09-14
0.0,2009-09-16
0.0,2009-09-18
0.0,2009-09-20
0.0,2009-09-22
0.0,2009-09-24
0.0,2009-09-26
0.0,2009-09-28
0.0,2009-09-30
0.0,2009-10-02
0.0,2009-10-04
0.0,2009-10-06
0.0,2009-10-08
0.0,2009-10-10
0.0,2009-10-12
0.0,2009-10-14
0.0,2009-10-16
0.0,2009-10-18
0.0,2009-10-20
0.0,2009-10-22
0.0,2009-10-24
0.0,2009-10-26
0.0,2009-10-28
0.0,2009-10-30
0.0,2009-11-01
0.0,2009-11-03
0.0,2009-11-05
0.0,2009-11-07
0.0,2009-11-09
0.0,2009-11-11
0.0,2009-11-13
0.0,2009-11-15
0.0,2009-11-17
0.0,2009-11-19
0.0,2009-11-21
0.0,2009-11-23
0.0,2009-11-25
0.0,2009-11-27
0.0,2009-11-29
0.0,2009-12-01
0.0,2009-12-03
0.0,2009-12-05
0.0,2009-12-07
0.0,2009-12-09
0.0,2009-12-11
0.0,2009-12-13
0.0,2009-12-15
0.0,2009-12-17
0.0,2009-12-19
0.0,2009-12-21
0.0,2009-12-23
0.0,2009-12-25
0.0,2009-12-27
0.0,2009-12-29
0.0,2009-12-31
0.0,2010-01-02
0.0,2010-01-04
0.0,2010-01-06
0.0,2010-01-08
0.0,2010-01-10
0.0,2010-01-12
0.0,2010-01-14
0.0,2010-01-16
0.0,2010-01-18
0.0,2010-01-20
0.0,2010-01-22
0.0,2010-01-24
0.0,2010-01-26
0.0,2010-01-28
0.0,2010-01-30
0.0,2010-02-01
0.0,2010-02-03
0.0,2010-02-05
0.0,2010-02-07
0.0,2010-02-09
0.0,2010-02-11
0.0,2010-02-13
0.0,2010-02-15
0.0,2010-02-17
0.0,2010-02-19
0.0,2010-02-21
0.0,2010-02-23
0.0,2010-02-25
0.0,2010-02-27
0.0,2010-03-01
0.0,2010-03-03
0.0,2010-03-05
0.0,2010-03-07
0.0,2010-03-09
0.0,2010-03-11
0.0,2010-03-13
0.0,2010-03-15
0.0,2010-03-17
0.0,2010-03-19
0.0,2010-03-21
0.0,2010-03-23
0.0,2010-03-25
0.0,2010-03-27
0.0,2010-03-29
0.0,2010-03-31
0.0,2010-04-02
0.0,2010-04-04
0.0,2010-04-06
0.0,2010-04-08
0.0,2010-04-10
0.0,2010-04-12
0.0,2010-04-14
0.0,2010-04-16
0.0,2010-04-18
0.0,2010-04-20
0.0,2010-04-22
0.0,2010-04-24
0.0,2010-04-26
0.0,2010-04-28
0.0,2010-04-30
0.0,2010-05-02
0.0,2010-05-04
0.0,2010-05-06
0.0,2010-05-08
0.0,2010-05-10
0.0,2010-05-12
0.0,2010-05-14
0.0,2010-05-16
0.0,2010-05-18
0.0,2010-05-20
0.0,2010-05-22
0.0,2010-05-24
0.0,2010-05-26
0.0,2010-05-28
0.0,2010-05-30
0.0,2010-06-01
0.0,2010-06-03
0.0,2010-06-05
0.0,2010-06-07
0.0,2010-06-09
0.0,2010-06-11
0.0,2010-06-13
0.0,2010-06-15
0.0,2010-06-17
0.0,2010-06-19
0.0,2010-06-21
0.0,2010-06-23
0.0,2010-06-25
0.0,2010-06-27
0.0,2010-06-29
0.0,2010-07-01
0.0,2010-07-03
0.0,2010-07-05
0.0,2010-07-07
0.0,2010-07-09
0.0,2010-07-11
0.0,2010-07-13
0.0,2010-07-15
0.0,2010-07-17
0.0,2010-07-19
0.0,2010-07-21
0.0,2010-07-23
0.0,2010-07-25
0.0,2010-07-27
0.0,2010-07-29
0.0,2010-07-31
0.0,2010-08-02
0.0,2010-08-04
0.0,2010-08-06
0.0,2010-08-08
0.0,2010-08-10
0.0,2010-08-12
0.0,2010-08-14
0.0,2010-08-16
0.07400000000000001,2010-08-18
0.0667,2010-08-20
0.0664,2010-08-22
0.066889,2010-08-24
0.066499,2010-08-26
0.065,2010-08-28
0.069,2010-08-30
0.0649,2010-09-01
0.0634,2010-09-03
0.0629,2010-09-05
0.06185,2010-09-07
0.0624,2010-09-09
0.062,2010-09-11
0.06201,2010-09-13
0.175,2010-09-15
0.0609,2010-09-17
0.062599,2010-09-19
0.0633,2010-09-21
0.063,2010-09-23
0.0624,2010-09-25
0.062206,2010-09-27
0.062189999999999995,2010-09-29
0.061999,2010-10-01
0.0614,2010-10-03
0.06301,2010-10-05
0.0638,2010-10-07
0.12000999999999999,2010-10-09
0.1301,2010-10-11
0.095,2010-10-13
0.11900000000000001,2010-10-15
0.1045,2010-10-17
0.1024,2010-10-19
0.109,2010-10-21
0.10901,2010-10-23
0.15,2010-10-25
0.19,2010-10-27
0.191,2010-10-29
0.19899999999999998,2010-10-31
0.1955,2010-11-02
0.23601,2010-11-04
0.29,2010-11-06
0.37,2010-11-08
0.2667,2010-11-10
0.251,2010-11-12
0.299,2010-11-14
0.2827,2010-11-16
0.28999899999999995,2010-11-18
0.289,2010-11-20
0.282,2010-11-22
0.28299,2010-11-24
0.289,2010-11-26
0.28461,2010-11-28
0.275,2010-11-30
0.25,2010-12-02
0.2589,2010-12-04
0.225,2010-12-06
0.2477,2010-12-08
0.204,2010-12-10
0.228,2010-12-12
0.23,2010-12-14
0.2459,2010-12-16
0.249,2010-12-18
0.275,2010-12-20
0.267,2010-12-22
0.25,2010-12-24
0.269999,2010-12-26
0.28,2010-12-28
0.29999899999999996,2010-12-30
0.299998,2011-01-01
0.299998,2011-01-03
0.298998,2011-01-05
0.322,2011-01-07
0.322998,2011-01-09
0.32899999999999996,2011-01-11
0.405,2011-01-13
0.4,2011-01-15
0.4,2011-01-17
0.3401,2011-01-19
0.44,2011-01-21
0.4443,2011-01-23
0.425,2011-01-25
0.4174,2011-01-27
0.446,2011-01-29
0.5,2011-01-31
0.8400989999999999,2011-02-02
0.88,2011-02-04
0.92,2011-02-06
0.9,2011-02-08
1.1,2011-02-10
1.0899,2011-02-12
1.08,2011-02-14
1.05019,2011-02-16
1.05019,2011-02-18
0.954896,2011-02-20
0.869499,2011-02-22
0.9499,2011-02-24
0.988567,2011-02-26
0.9492309999999999,2011-02-28
0.9498,2011-03-02
0.9392,2011-03-04
0.9104450000000001,2011-03-06
0.9072,2011-03-08
0.87,2011-03-10
0.9197,2011-03-12
0.9,2011-03-14
0.89,2011-03-16
0.850617,2011-03-18
0.79,2011-03-20
0.799646,2011-03-22
0.9,2011-03-24
0.905,2011-03-26
0.8575,2011-03-28
0.795,2011-03-30
0.79997,2011-04-01
0.7998,2011-04-03
0.71,2011-04-05
0.7677,2011-04-07
0.7676,2011-04-09
0.7809999999999999,2011-04-11
1.0,2011-04-13
1.08999,2011-04-15
1.085,2011-04-17
1.19,2011-04-19
1.1979,2011-04-21
1.5490000000000002,2011-04-23
1.7009999999999998,2011-04-25
1.95,2011-04-27
2.7,2011-04-29
4.09,2011-05-01
3.49,2011-05-03
3.5,2011-05-05
3.7,2011-05-07
3.937,2011-05-09
6.065,2011-05-11
8.45,2011-05-13
8.55,2011-05-15
8.38901,2011-05-17
7.34,2011-05-19
6.6036,2011-05-21
7.45,2011-05-23
7.51,2011-05-25
8.92,2011-05-27
8.4992,2011-05-29
9.4998,2011-05-31
10.57,2011-06-02
17.41,2011-06-04
19.23,2011-06-06
31.9099,2011-06-08
35.0,2011-06-10
24.99,2011-06-12
20.99,2011-06-14
19.96,2011-06-16
17.2,2011-06-18
17.35,2011-06-20
15.05,2011-06-22
16.7501,2011-06-24
17.51001,2011-06-26
17.52,2011-06-28
17.5,2011-06-30
16.49,2011-07-02
15.85,2011-07-04
16.5,2011-07-06
15.64276,2011-07-08
15.68,2011-07-10
14.639879999999998,2011-07-12
14.1,2011-07-14
14.1,2011-07-16
13.6901,2011-07-18
14.04,2011-07-20
13.9389,2011-07-22
13.979999,2011-07-24
14.4,2011-07-26
14.0,2011-07-28
13.8,2011-07-30
13.5501,2011-08-01
13.1,2011-08-03
11.55,2011-08-05
9.8,2011-08-07
12.1,2011-08-09
10.4959,2011-08-11
10.05,2011-08-13
11.89,2011-08-15
11.3,2011-08-17
11.81,2011-08-19
11.59,2011-08-21
11.49,2011-08-23
10.965539999999999,2011-08-25
9.11,2011-08-27
9.4811,2011-08-29
9.0,2011-08-31
8.4989,2011-09-02
8.5939999988,2011-09-04
7.65713,2011-09-06
7.31509,2011-09-08
6.208920000199998,2011-09-10
7.081,2011-09-12
5.990000000899999,2011-09-14
5.23,2011-09-16
5.0,2011-09-18
6.795,2011-09-20
5.83001,2011-09-22
5.66,2011-09-24
5.46014,2011-09-26
4.989,2011-09-28
5.35,2011-09-30
5.16,2011-10-02
5.03,2011-10-04
4.93,2011-10-06
4.593999999999999,2011-10-08
4.25937,2011-10-10
4.206119999999999,2011-10-12
4.11455,2011-10-14
3.9009000001999996,2011-10-16
2.9,2011-10-18
2.42,2011-10-20
3.3,2011-10-22
3.2,2011-10-24
2.8760000000000003,2011-10-26
3.255,2011-10-28
3.65026,2011-10-30
3.35,2011-11-01
3.299,2011-11-03
3.21,2011-11-05
3.0289,2011-11-07
3.114,2011-11-09
3.0,2011-11-11
3.0989999999999998,2011-11-13
2.69,2011-11-15
2.60031,2011-11-17
2.3,2011-11-19
2.29,2011-11-21
2.38,2011-11-23
2.56,2011-11-25
2.4965,2011-11-27
2.9810000000000003,2011-11-29
3.14,2011-12-01
3.1299900000000003,2011-12-03
2.93,2011-12-05
3.082,2011-12-07
3.0389999999999997,2011-12-09
3.38,2011-12-11
3.3,2011-12-13
3.1933,2011-12-15
3.23,2011-12-17
3.70036,2011-12-19
4.11,2011-12-21
3.95,2011-12-23
4.3897,2011-12-25
4.06,2011-12-27
4.33,2011-12-29
4.995,2011-12-31
5.4999,2012-01-02
5.6063,2012-01-04
7.22,2012-01-06
7.2,2012-01-08
6.89,2012-01-10
6.997000000000001,2012-01-12
6.75,2012-01-14
7.18888,2012-01-16
6.95,2012-01-18
6.58,2012-01-20
6.39,2012-01-22
6.515,2012-01-24
6.2,2012-01-26
5.74815,2012-01-28
5.6,2012-01-30
5.638,2012-02-01
6.148,2012-02-03
5.9625,2012-02-05
5.70999,2012-02-07
5.8,2012-02-09
6.0,2012-02-11
5.72,2012-02-13
4.88,2012-02-15
4.76998,2012-02-17
4.33333,2012-02-19
4.4354,2012-02-21
4.92481,2012-02-23
5.07,2012-02-25
5.1,2012-02-27
4.9,2012-02-29
4.98888,2012-03-02
4.9,2012-03-04
5.05,2012-03-06
5.0,2012-03-08
4.94,2012-03-10
4.95915,2012-03-12
5.4444,2012-03-14
5.4,2012-03-16
5.379980000000001,2012-03-18
4.98,2012-03-20
4.88,2012-03-22
4.74896,2012-03-24
4.73793,2012-03-26
4.84592,2012-03-28
4.83,2012-03-30
4.928999999999999,2012-04-01
5.01,2012-04-03
4.94486,2012-04-05
4.98,2012-04-07
4.8,2012-04-09
4.8941,2012-04-11
4.94464,2012-04-13
4.98389,2012-04-15
5.022069999999999,2012-04-17
5.19,2012-04-19
5.48,2012-04-21
5.21799,2012-04-23
5.16,2012-04-25
5.1372,2012-04-27
5.0184,2012-04-29
5.0,2012-05-01
5.184,2012-05-03
5.1495,2012-05-05
5.0947,2012-05-07
5.09609,2012-05-09
5.03188,2012-05-11
4.998880000000001,2012-05-13
5.09,2012-05-15
5.1345,2012-05-17
5.14291,2012-05-19
5.1475,2012-05-21
5.16,2012-05-23
5.15,2012-05-25
5.148,2012-05-27
5.15889,2012-05-29
5.19,2012-05-31
5.279,2012-06-02
5.2785,2012-06-04
5.47,2012-06-06
5.66,2012-06-08
5.62,2012-06-10
5.7,2012-06-12
5.95,2012-06-14
6.599,2012-06-16
6.4668,2012-06-18
6.64999,2012-06-20
6.79962,2012-06-22
6.5915,2012-06-24
6.4514,2012-06-26
6.66897,2012-06-28
6.693,2012-06-30
6.75,2012-07-02
6.55,2012-07-04
6.734489999999999,2012-07-06
6.87,2012-07-08
7.239,2012-07-10
7.32,2012-07-12
7.688910000000001,2012-07-14
8.2899,2012-07-16
9.39899,2012-07-18
9.23355,2012-07-20
9.0,2012-07-22
8.96,2012-07-24
8.9,2012-07-26
8.93,2012-07-28
9.15,2012-07-30
9.54,2012-08-01
11.1188,2012-08-03
11.1869,2012-08-05
11.04,2012-08-07
12.0,2012-08-09
11.59788,2012-08-11
11.86999,2012-08-13
12.67,2012-08-15
15.4,2012-08-17
12.0,2012-08-19
10.29999,2012-08-21
10.25,2012-08-23
10.25,2012-08-25
12.149989999999999,2012-08-27
11.20999,2012-08-29
10.8359,2012-08-31
10.18999,2012-09-02
10.5934,2012-09-04
11.17,2012-09-06
11.21,2012-09-08
11.127,2012-09-10
11.3789,2012-09-12
11.75,2012-09-14
11.99,2012-09-16
12.09,2012-09-18
12.68666,2012-09-20
12.4433,2012-09-22
12.29888,2012-09-24
12.28,2012-09-26
12.444,2012-09-28
12.47499,2012-09-30
12.88,2012-10-02
13.0899,2012-10-04
12.899989999999999,2012-10-06
12.08,2012-10-08
12.15,2012-10-10
12.15,2012-10-12
12.0,2012-10-14
11.99,2012-10-16
11.95998,2012-10-18
11.85,2012-10-20
11.81,2012-10-22
11.82,2012-10-24
11.09988,2012-10-26
10.61,2012-10-28
10.85,2012-10-30
11.279000000000002,2012-11-01
10.60097,2012-11-03
10.9,2012-11-05
11.21603,2012-11-07
11.07,2012-11-09
10.939,2012-11-11
11.129000000000001,2012-11-13
11.114,2012-11-15
11.8,2012-11-17
11.79998,2012-11-19
11.784,2012-11-21
12.43,2012-11-23
12.6,2012-11-25
12.52999,2012-11-27
12.599,2012-11-29
12.68778,2012-12-01
12.67901,2012-12-03
13.5,2012-12-05
13.68,2012-12-07
13.53,2012-12-09
13.63999,2012-12-11
13.79989,2012-12-13
13.7722,2012-12-15
13.498,2012-12-17
13.399000000000001,2012-12-19
13.6475,2012-12-21
13.485470000000001,2012-12-23
13.45,2012-12-25
13.47,2012-12-27
13.67,2012-12-29
13.59,2012-12-31
13.4,2013-01-02
13.48986,2013-01-04
13.52999,2013-01-06
13.83,2013-01-08
14.32,2013-01-10
14.34999,2013-01-12
14.3,2013-01-14
14.689,2013-01-16
15.985,2013-01-18
15.89,2013-01-20
17.59,2013-01-22
19.189989999999998,2013-01-24
17.61926,2013-01-26
18.45,2013-01-28
19.7,2013-01-30
21.3,2013-02-01
20.68,2013-02-03
20.79,2013-02-05
22.15,2013-02-07
23.69997,2013-02-09
24.1955,2013-02-11
26.09999,2013-02-13
26.99898,2013-02-15
25.6083,2013-02-17
28.789990000000003,2013-02-19
29.80012,2013-02-21
29.27998,2013-02-23
30.250009999999996,2013-02-25
31.401809999999998,2013-02-27
34.877990000000004,2013-03-01
34.10007,2013-03-03
40.04,2013-03-05
42.492709999999995,2013-03-07
46.01112,2013-03-09
47.7397,2013-03-11
46.79999,2013-03-13
47.25005,2013-03-15
47.4419,2013-03-17
57.76,2013-03-19
73.8,2013-03-21
63.0,2013-03-23
73.88798,2013-03-25
88.9,2013-03-27
89.05,2013-03-29
92.50001,2013-03-31
108.73,2013-04-02
131.99899,2013-04-04
142.49765,2013-04-06
184.0,2013-04-08
198.0,2013-04-10
76.488,2013-04-12
91.0,2013-04-14
91.0,2013-04-16
96.5,2013-04-18
123.86,2013-04-20
123.515,2013-04-22
153.20019,2013-04-24
135.601,2013-04-26
135.98998999999998,2013-04-28
139.109,2013-04-30
105.00003000000001,2013-05-02
111.98978999999999,2013-05-04
120.94998999999999,2013-05-06
113.95001,2013-05-08
117.68,2013-05-10
114.32,2013-05-12
119.0,2013-05-14
115.09024,2013-05-16
123.74995,2013-05-18
122.65001000000001,2013-05-20
122.64,2013-05-22
131.5,2013-05-24
134.04701,2013-05-26
128.321,2013-05-28
130.99589,2013-05-30
129.19945,2013-06-01
120.00001999999999,2013-06-03
122.4051,2013-06-05
110.29501,2013-06-07
98.47045,2013-06-09
108.0,2013-06-11
109.0,2013-06-13
101.96998,2013-06-15
100.52521,2013-06-17
107.835,2013-06-19
111.0,2013-06-21
107.68388999999999,2013-06-23
103.86665,2013-06-25
102.79001,2013-06-27
95.85301,2013-06-29
90.99799999999999,2013-07-01
82.8,2013-07-03
67.85844,2013-07-05
70.942,2013-07-07
76.32791,2013-07-09
87.15,2013-07-11
95.995,2013-07-13
98.37516,2013-07-15
97.97,2013-07-17
93.41082,2013-07-19
88.93999000000001,2013-07-21
95.396,2013-07-23
96.2,2013-07-25
95.20461,2013-07-27
101.04202,2013-07-29
104.95555,2013-07-31
105.5,2013-08-02
104.67459000000001,2013-08-04
106.88378,2013-08-06
101.9,2013-08-08
102.61802,2013-08-10
104.99498,2013-08-12
100.03,2013-08-14
98.51,2013-08-16
99.02,2013-08-18
104.59,2013-08-20
111.01,2013-08-22
108.79,2013-08-24
111.8,2013-08-26
119.25,2013-08-28
124.79,2013-08-30
130.82,2013-09-01
130.45,2013-09-03
124.51,2013-09-05
120.15,2013-09-07
121.66,2013-09-09
124.1,2013-09-11
128.29,2013-09-13
125.46,2013-09-15
127.56,2013-09-17
124.1,2013-09-19
123.5,2013-09-21
123.02,2013-09-23
124.18,2013-09-25
125.6,2013-09-27
128.1,2013-09-29
127.11,2013-10-01
116.95,2013-10-03
121.51,2013-10-05
123.6,2013-10-07
126.08,2013-10-09
126.84,2013-10-11
129.74,2013-10-13
139.24,2013-10-15
143.33,2013-10-17
165.05,2013-10-19
177.07,2013-10-21
199.95,2013-10-23
172.81,2013-10-25
189.06,2013-10-27
202.09,2013-10-29
201.61,2013-10-31
204.15,2013-11-02
225.1,2013-11-04
258.23,2013-11-06
325.56,2013-11-08
296.91,2013-11-10
353.95,2013-11-12
416.5,2013-11-14
433.53,2013-11-16
583.16,2013-11-18
595.0,2013-11-20
761.0,2013-11-22
833.16,2013-11-24
844.9,2013-11-26
1009.0,2013-11-28
1119.96,2013-11-30
992.27,2013-12-02
1151.0,2013-12-04
894.0,2013-12-06
722.99,2013-12-08
936.98,2013-12-10
845.75,2013-12-12
864.7,2013-12-14
709.0,2013-12-16
576.16,2013-12-18
660.0,2013-12-20
637.0,2013-12-22
647.27,2013-12-24
734.42,2013-12-26
701.61,2013-12-28
739.1,2013-12-30
746.9,2014-01-01
806.21,2014-01-03
896.0,2014-01-05
867.38,2014-01-07
809.17,2014-01-09
891.85,2014-01-11
807.83,2014-01-13
847.7,2014-01-15
793.0,2014-01-17
833.0,2014-01-19
822.56,2014-01-21
813.02,2014-01-23
806.0,2014-01-25
777.0,2014-01-27
803.6,2014-01-29
802.5,2014-01-31
819.57,2014-02-02
809.05,2014-02-04
778.0,2014-02-06
707.0,2014-02-08
665.0,2014-02-10
667.01,2014-02-12
672.1,2014-02-14
623.5,2014-02-16
626.77,2014-02-18
582.7,2014-02-20
603.98,2014-02-22
545.0,2014-02-24
585.38,2014-02-26
577.97,2014-02-28
559.88,2014-03-02
677.61,2014-03-04
657.02,2014-03-06
609.0,2014-03-08
621.99,2014-03-10
642.1,2014-03-12
636.47,2014-03-14
634.94,2014-03-16
627.0,2014-03-18
590.0,2014-03-20
557.0,2014-03-22
572.0,2014-03-24
585.7,2014-03-26
503.0,2014-03-28
449.02,2014-03-30
479.51,2014-04-01
446.31,2014-04-03
451.84,2014-04-05
447.74,2014-04-07
443.1,2014-04-09
427.99,2014-04-11
405.0,2014-04-13
489.91,2014-04-15
495.0,2014-04-17
499.9,2014-04-19
496.5,2014-04-21
487.3,2014-04-23
459.15,2014-04-25
440.1,2014-04-27
447.7,2014-04-29
460.01,2014-05-01
434.5,2014-05-03
427.83,2014-05-05
446.65,2014-05-07
452.02,2014-05-09
435.0,2014-05-11
438.95,2014-05-13
448.99,2014-05-15
449.08,2014-05-17
446.42,2014-05-19
494.87,2014-05-21
527.47,2014-05-23
575.0,2014-05-25
581.87,2014-05-27
568.0,2014-05-29
620.45,2014-05-31
631.49,2014-06-02
644.66,2014-06-04
655.75,2014-06-06
652.0,2014-06-08
649.89,2014-06-10
617.0,2014-06-12
557.92,2014-06-14
595.0,2014-06-16
604.6,2014-06-18
593.33,2014-06-20
596.08,2014-06-22
585.54,2014-06-24
569.0,2014-06-26
597.08,2014-06-28
620.0,2014-06-30
654.0,2014-07-02
635.49,2014-07-04
634.49,2014-07-06
623.7,2014-07-08
619.78,2014-07-10
631.98,2014-07-12
622.8,2014-07-14
619.48,2014-07-16
629.86,2014-07-18
623.77,2014-07-20
621.03,2014-07-22
601.18,2014-07-24
595.88,2014-07-26
586.96,2014-07-28
573.48,2014-07-30
601.94,2014-08-01
589.79,2014-08-03
580.21,2014-08-05
587.24,2014-08-07
588.61,2014-08-09
578.97,2014-08-11
550.14,2014-08-13
498.16,2014-08-15
491.88,2014-08-17
487.5,2014-08-19
525.78,2014-08-21
503.88,2014-08-23
503.79,2014-08-25
514.84,2014-08-27
511.99,2014-08-29
477.98,2014-08-31
483.65,2014-09-02
486.0,2014-09-04
481.09,2014-09-06
476.61,2014-09-08
485.03,2014-09-10
470.43,2014-09-12
475.49,2014-09-14
468.0,2014-09-16
428.19,2014-09-18
415.56,2014-09-20
400.98,2014-09-22
431.91,2014-09-24
405.14,2014-09-26
380.0,2014-09-28
382.67,2014-09-30
375.85,2014-10-02
336.0,2014-10-04
331.2,2014-10-06
346.26,2014-10-08
358.97,2014-10-10
364.83,2014-10-12
411.89,2014-10-14
378.02,2014-10-16
389.68,2014-10-18
384.95,2014-10-20
385.1,2014-10-22
358.46,2014-10-24
355.43,2014-10-26
354.94,2014-10-28
337.0,2014-10-30
327.39,2014-11-01
325.81,2014-11-03
341.99,2014-11-05
342.26,2014-11-07
356.34,2014-11-09
365.04,2014-11-11
406.56,2014-11-13
373.14,2014-11-15
378.48,2014-11-17
374.77,2014-11-19
356.9,2014-11-21
362.99,2014-11-23
381.03,2014-11-25
372.62,2014-11-27
377.22,2014-11-29
381.72,2014-12-01
378.25,2014-12-03
373.98,2014-12-05
375.73,2014-12-07
350.29,2014-12-09
356.1,2014-12-11
350.31,2014-12-13
352.15,2014-12-15
318.2,2014-12-17
317.63,2014-12-19
326.93,2014-12-21
336.96,2014-12-23
319.31,2014-12-25
314.45,2014-12-27
314.49,2014-12-29
317.4,2014-12-31
316.15,2015-01-02
270.93,2015-01-04
276.8,2015-01-06
276.8,2015-01-08
278.0,2015-01-10
270.0,2015-01-12
176.5,2015-01-14
205.35,2015-01-16
211.18,2015-01-18
212.99,2015-01-20
233.9,2015-01-22
244.64,2015-01-24
271.47,2015-01-26
249.25,2015-01-28
230.11,2015-01-30
220.72,2015-02-01
236.51,2015-02-03
217.37,2015-02-05
225.16,2015-02-07
220.39,2015-02-09
221.99,2015-02-11
239.94,2015-02-13
243.99,2015-02-15
244.0,2015-02-17
241.59,2015-02-19
245.66,2015-02-21
237.09,2015-02-23
238.59,2015-02-25
254.0,2015-02-27
247.56,2015-03-01
275.8,2015-03-03
265.63,2015-03-05
275.83,2015-03-07
287.48,2015-03-09
293.29,2015-03-11
289.51,2015-03-13
283.57,2015-03-15
287.02,2015-03-17
260.62,2015-03-19
257.83,2015-03-21
266.07,2015-03-23
245.68,2015-03-25
248.63,2015-03-27
244.05,2015-03-29
242.92,2015-03-31
252.44,2015-04-02
253.77,2015-04-04
254.7,2015-04-06
245.89,2015-04-08
235.71,2015-04-10
236.76,2015-04-12
216.0,2015-04-14
229.62,2015-04-16
222.32,2015-04-18
224.63,2015-04-20
237.34,2015-04-22
230.93,2015-04-24
218.42,2015-04-26
222.66,2015-04-28
235.13,2015-04-30
234.13,2015-05-02
236.17,2015-05-04
235.79,2015-05-06
244.72,2015-05-08
239.35,2015-05-10
241.51,2015-05-12
238.32,2015-05-14
236.63,2015-05-16
236.45,2015-05-18
234.6,2015-05-20
240.5,2015-05-22
240.46,2015-05-24
235.94,2015-05-26
236.48,2015-05-28
231.12,2015-05-30
222.4,2015-06-01
226.29,2015-06-03
224.15,2015-06-05
222.6,2015-06-07
230.1,2015-06-09
229.0,2015-06-11
230.22,2015-06-13
236.46,2015-06-15
249.96,2015-06-17
246.45,2015-06-19
242.47,2015-06-21
243.92,2015-06-23
241.92,2015-06-25
248.5,2015-06-27
253.8,2015-06-29
257.85,2015-07-01
255.1,2015-07-03
270.92,2015-07-05
267.26,2015-07-07
270.68,2015-07-09
293.5,2015-07-11
289.9,2015-07-13
290.95,2015-07-15
277.99,2015-07-17
276.09,2015-07-19
278.97,2015-07-21
276.64,2015-07-23
287.12,2015-07-25
290.79,2015-07-27
290.7,2015-07-29
284.78,2015-07-31
280.69,2015-08-02
285.0,2015-08-04
277.1,2015-08-06
269.89,2015-08-08
264.07,2015-08-10
267.89,2015-08-12
266.99,2015-08-14
257.47,2015-08-16
253.91,2015-08-18
233.23,2015-08-20
226.04,2015-08-22
213.24,2015-08-24
228.84,2015-08-26
234.17,2015-08-28
226.47,2015-08-30
228.32,2015-09-01
227.42,2015-09-03
234.67,2015-09-05
241.31,2015-09-07
240.08,2015-09-09
239.93,2015-09-11
229.86,2015-09-13
230.0,2015-09-15
234.0,2015-09-17
230.71,2015-09-19
226.56,2015-09-21
229.95,2015-09-23
235.79,2015-09-25
232.85,2015-09-27
237.68,2015-09-29
238.98,2015-10-01
239.17,2015-10-03
239.22,2015-10-05
245.25,2015-10-07
244.78,2015-10-09
248.08,2015-10-11
249.58,2015-10-13
254.73,2015-10-15
269.07,2015-10-17
264.16,2015-10-19
269.1,2015-10-21
277.43,2015-10-23
295.01,2015-10-25
294.73,2015-10-27
310.36,2015-10-29
310.92,2015-10-31
340.69,2015-11-02
437.05,2015-11-04
388.38,2015-11-06
381.51,2015-11-08
353.58,2015-11-10
331.6,2015-11-12
331.9,2015-11-14
329.32,2015-11-16
334.46,2015-11-18
320.62,2015-11-20
322.33,2015-11-22
321.1,2015-11-24
348.0,2015-11-26
353.88,2015-11-28
372.53,2015-11-30
360.98,2015-12-02
360.88,2015-12-04
390.04,2015-12-06
394.99,2015-12-08
415.64,2015-12-10
426.06,2015-12-12
445.6,2015-12-14
454.43,2015-12-16
458.95,2015-12-18
434.98,2015-12-20
435.98,2015-12-22
453.95,2015-12-24
417.99,2015-12-26
423.98,2015-12-28
428.0,2015-12-30
432.33,2016-01-01
428.13,2016-01-03
431.9,2016-01-05
453.71,2016-01-07
450.15,2016-01-09
447.11,2016-01-11
429.57,2016-01-13
391.62,2016-01-15
385.45,2016-01-17
378.66,2016-01-19
408.0,2016-01-21
388.5,2016-01-23
387.09,2016-01-25
394.45,2016-01-27
377.26,2016-01-29
376.86,2016-01-31
373.48,2016-02-02
385.06,2016-02-04
373.04,2016-02-06
375.8,2016-02-08
378.98,2016-02-10
381.46,2016-02-12
402.38,2016-02-14
406.69,2016-02-16
418.97,2016-02-18
439.48,2016-02-20
438.5,2016-02-22
423.1,2016-02-24
424.34,2016-02-26
433.47,2016-02-28
431.87,2016-03-01
421.44,2016-03-03
401.0,2016-03-05
411.94,2016-03-07
413.1,2016-03-09
421.22,2016-03-11
412.44,2016-03-13
414.78,2016-03-15
418.64,2016-03-17
405.59,2016-03-19
410.49,2016-03-21
417.8,2016-03-23
416.44,2016-03-25
426.8,2016-03-27
414.0,2016-03-29
416.94,2016-03-31
418.07,2016-04-02
418.99,2016-04-04
421.09,2016-04-06
422.2,2016-04-08
421.63,2016-04-10
425.89,2016-04-12
423.76,2016-04-14
429.43,2016-04-16
427.28,2016-04-18
442.34,2016-04-20
447.25,2016-04-22
459.4,2016-04-24
467.98,2016-04-26
450.0,2016-04-28
447.17,2016-04-30
443.9,2016-05-02
447.37,2016-05-04
460.91,2016-05-06
457.82,2016-05-08
450.0,2016-05-10
454.7,2016-05-12
455.65,2016-05-14
454.88,2016-05-16
452.9,2016-05-18
441.25,2016-05-20
438.0,2016-05-22
445.34,2016-05-24
452.49,2016-05-26
522.43,2016-05-28
525.15,2016-05-30
539.47,2016-06-01
568.0,2016-06-03
574.02,2016-06-05
577.54,2016-06-07
575.2941375,2016-06-09
594.4399875,2016-06-11
702.0665,2016-06-13
692.289625,2016-06-15
743.9164,2016-06-17
760.8168,2016-06-19
665.9586125,2016-06-21
624.5419999999999,2016-06-23
664.9068875,2016-06-25
646.7030125,2016-06-27
637.959625,2016-06-29
675.1863375,2016-07-01
658.4175,2016-07-03
666.4855875,2016-07-05
636.3588625,2016-07-07
651.8649125,2016-07-09
647.9837,2016-07-11
657.4524875,2016-07-13
664.57145,2016-07-15
675.45905,2016-07-17
672.8432,2016-07-19
664.882075,2016-07-21
655.8469125,2016-07-23
654.6954499999998,2016-07-25
654.9810375,2016-07-27
656.8876124999998,2016-07-29
628.015375,2016-07-31
515.0618999999998,2016-08-02
577.3157714285715,2016-08-04
588.2312714285714,2016-08-06
592.6975,2016-08-08
592.1899,2016-08-10
587.7556,2016-08-12
570.9764142857142,2016-08-14
581.1185875,2016-08-16
576.0360875,2016-08-18
583.2078625,2016-08-20
588.9727625,2016-08-22
582.8479875,2016-08-24
581.07245,2016-08-26
576.534,2016-08-28
578.616575,2016-08-30
572.818375,2016-09-01
600.8860875,2016-09-03
608.10975,2016-09-05
614.4637625,2016-09-07
625.0708999999998,2016-09-09
608.15855,2016-09-11
610.928125,2016-09-13
610.386125,2016-09-15
608.006875,2016-09-17
610.1965,2016-09-19
598.884875,2016-09-21
604.2225,2016-09-23
601.7472375,2016-09-25
605.9622125,2016-09-27
606.36375,2016-09-29
614.8238,2016-10-01
611.8511,2016-10-03
612.3522875,2016-10-05
617.21035,2016-10-07
615.65675,2016-10-09
639.30995,2016-10-11
635.9650875,2016-10-13
637.9498571428572,2016-10-15
638.1833875,2016-10-17
629.253675,2016-10-19
631.9242125,2016-10-21
653.0028625,2016-10-23
655.3199500000002,2016-10-25
682.2239625,2016-10-27
714.89545,2016-10-29
702.0015125,2016-10-31
733.336125,2016-11-02
703.6940875,2016-11-04
712.00325,2016-11-06
708.974875,2016-11-08
713.690125,2016-11-10
703.7180000000001,2016-11-12
706.467875,2016-11-14
736.9143750000002,2016-11-16
747.5217625,2016-11-18
729.066625,2016-11-20
748.749375,2016-11-22
737.450375,2016-11-24
733.673,2016-11-26
733.0521249999998,2016-11-28
742.6967625,2016-11-30
772.43725,2016-12-02
764.81625,2016-12-04
756.6215,2016-12-06
769.72975,2016-12-08
773.40125,2016-12-10
777.006875,2016-12-12
774.8969999999999,2016-12-14
781.5683750000002,2016-12-16
788.40575,2016-12-18
793.0901375,2016-12-20
860.599875,2016-12-22
891.6126125,2016-12-24
897.335375,2016-12-26
967.480375,2016-12-28
952.156375,2016-12-30
997.729875,2017-01-01
1023.141875,2017-01-03
994.674875,2017-01-05
896.830375,2017-01-07
894.18025,2017-01-09
785.2237375,2017-01-11
826.2956625,2017-01-13
822.2076,2017-01-15
903.84575,2017-01-17
895.798875,2017-01-19
920.4479,2017-01-21
922.0736125,2017-01-23
893.045625,2017-01-25
919.27975,2017-01-27
915.933,2017-01-29
964.706075,2017-01-31
1007.6137125,2017-02-02
1030.9994125,2017-02-04
1024.01375,2017-02-06
1052.3766125,2017-02-08
999.1035,2017-02-10
1000.604625,2017-02-12
1011.78025,2017-02-14
1035.208125,2017-02-16
1056.6371375,2017-02-18
1084.7550125,2017-02-20
1123.2231875,2017-02-22
1174.86625,2017-02-24
1175.04975,2017-02-26
1187.5652857142854,2017-02-28
1259.4108166666667,2017-03-02
1267.0272,2017-03-04
1275.197375,2017-03-06
1157.3933,2017-03-08
1098.6171285714288,2017-03-10
1227.494625,2017-03-12
1245.3707857142854,2017-03-14
1180.945657142857,2017-03-16
952.2323625,2017-03-18
1049.0844875,2017-03-20
1028.7268625,2017-03-22
941.9197142857145,2017-03-24
956.7863125,2017-03-26
1046.127625,2017-03-28
1037.90455,2017-03-30
1086.9295714285713,2017-04-01
1141.813,2017-04-03
1133.0793142857142,2017-04-05
1190.45425,2017-04-07
1208.8005,2017-04-09
1226.6170375,2017-04-11
1180.0237125,2017-04-13
1184.8806714285713,2017-04-15
1205.634875,2017-04-17
1217.9300875,2017-04-19
1258.3614125,2017-04-21
1257.9881125,2017-04-23
1279.4146875,2017-04-25
1345.3539125,2017-04-27
1334.9790375,2017-04-29
1417.1728125,2017-05-01
1507.5768571428573,2017-05-03
1533.3350714285714,2017-05-05
1535.8684285714285,2017-05-07
1721.2849714285715,2017-05-09
1820.9905625,2017-05-11
1771.9200125,2017-05-13
1723.1269375,2017-05-15
1807.4850625,2017-05-17
1961.5204875,2017-05-19
2046.5344625,2017-05-21
2287.7102875,2017-05-23
2387.206285714285,2017-05-25
2014.0529625,2017-05-27
2275.9307,2017-05-29
2285.9339142857143,2017-05-31
2446.142414285714,2017-06-02
2516.173142857143,2017-06-04
2883.313696637142,2017-06-06
2792.9991875,2017-06-08
2845.372857142857,2017-06-10
2657.6750625,2017-06-12
2447.0415625,2017-06-14
2464.9598142857144,2017-06-16
2507.389252144286,2017-06-18
2754.97825,2017-06-20
2727.2880125,2017-06-22
2589.1648875,2017-06-24
2436.4510571428573,2017-06-26
2585.349185714286,2017-06-28
2477.641375,2017-06-30
2501.191342857143,2017-07-02
2599.7298375,2017-07-04
2609.96775,2017-07-06
2562.1306625,2017-07-08
2366.1701428571428,2017-07-10
2385.748571428572,2017-07-12
2190.947833333333,2017-07-14
1931.2143,2017-07-16
2320.12225,2017-07-18
2898.1884166666664,2017-07-20
2807.609857142857,2017-07-22
2751.821028571429,2017-07-24
2495.028585714286,2017-07-26
2781.636583333333,2017-07-28
2745.9554166666658,2017-07-30
2710.4130666666665,2017-08-01
2794.117716666666,2017-08-03
3218.115016666666,2017-08-05
3407.2268333333336,2017-08-07
3357.326316666667,2017-08-09
3632.506666666666,2017-08-11
4125.54802,2017-08-13
4217.028328571429,2017-08-15
4328.725716666667,2017-08-17
4222.662214285714,2017-08-19
4043.722,2017-08-21
4174.95,2017-08-23
4363.05445,2017-08-25
4354.308333333333,2017-08-27
4607.98545,2017-08-29
4748.255,2017-08-31
4580.3874799999985,2017-09-02
4344.0983166666665,2017-09-04
4641.822016666666,2017-09-06
4310.750183333334,2017-09-08
4329.955,2017-09-10
4219.036616666667,2017-09-12
3319.63,2017-09-14
3763.6260399999996,2017-09-16
4093.316666666667,2017-09-18
3977.561666666666,2017-09-20
3637.50255,2017-09-22
3703.04065,2017-09-24
3910.3073833333333,2017-09-26
4201.98905,2017-09-28
4335.368316666667,2017-09-30
4386.88375,2017-10-02
4225.175,2017-10-04
4345.6033333333335,2017-10-06
4602.280883333334,2017-10-08
4782.28,2017-10-10
5325.130683333333,2017-10-12
5739.4387333333325,2017-10-14
5711.205866666667,2017-10-16
5546.1761000000015,2017-10-18
5979.4598399999995,2017-10-20
5983.184550000001,2017-10-22
5505.827766666666,2017-10-24
5893.138416666667,2017-10-26
5776.696950000001,2017-10-28
6105.874220000001,2017-10-30
6665.306683333332,2017-11-01
7197.72006,2017-11-03
7377.012366666668,2017-11-05
7092.127233333333,2017-11-07
7158.03706,2017-11-09
6362.851033333332,2017-11-11
6550.227533333334,2017-11-13
7301.4299200000005,2017-11-15
7786.884366666666,2017-11-17
8007.654066666668,2017-11-19
8059.8,2017-11-21
8148.95,2017-11-23
8707.407266666667,2017-11-25
9718.29505,2017-11-27
9879.328333333333,2017-11-29
10883.912,2017-12-01
11332.622,2017-12-03
11878.433333333334,2017-12-05
16501.971666666668,2017-12-07
15142.834152123332,2017-12-09
16762.116666666665,2017-12-11
16808.366666666665,2017-12-13
17771.899999999998,2017-12-15
19289.785,2017-12-17
17737.111666666668,2017-12-19
16047.51,2017-12-21
15360.261666666667,2017-12-23
14119.028333333335,2017-12-25
15589.321666666665,2017-12-27
14640.14,2017-12-29
14165.575,2017-12-31
15005.856666666668,2018-01-02
15199.355,2018-01-04
17319.198,2018-01-06
15265.906666666668,2018-01-08
15126.398333333333,2018-01-10
13912.882,2018-01-12
13852.92,2018-01-14
11180.998333333333,2018-01-16
11345.423333333332,2018-01-18
12950.793333333333,2018-01-20
10544.593333333332,2018-01-22
11282.258333333333,2018-01-24
10969.815,2018-01-26
11765.71,2018-01-28
10184.061666666666,2018-01-30
9083.258333333333,2018-02-01
9076.678333333333,2018-02-03
6838.8166666666675,2018-02-05
8099.958333333332,2018-02-07
8535.516666666668,2018-02-09
8343.455,2018-02-11
8597.7675,2018-02-13
9977.154,2018-02-15
10841.991666666667,2018-02-17
11110.964999999998,2018-02-19
10532.791666666666,2018-02-21
10162.116666666667,2018-02-23
9696.593333333332,2018-02-25
10763.883333333333,2018-02-27
11009.381666666668,2018-03-01
11326.948333333336,2018-03-03
11595.54,2018-03-05
10118.058,2018-03-07
9089.278333333334,2018-03-09
9761.396666666666,2018-03-11
9154.7,2018-03-13
8358.121666666666,2018-03-15
7993.674643641666,2018-03-17
8412.033333333333,2018-03-19
8947.753333333334,2018-03-21
8686.826666666666,2018-03-23
8617.296666666667,2018-03-25
7876.195,2018-03-27
7172.28,2018-03-29
6935.48,2018-03-31
7035.848333333332,2018-04-02
6787.761666666666,2018-04-04
6603.876666666668,2018-04-06
7017.656666666668,2018-04-08
6787.571666666668,2018-04-10
7847.845,2018-04-12
8036.511051408333,2018-04-14
8043.803333333332,2018-04-16
8164.9374257650015,2018-04-18
8852.718333333332,2018-04-20
8838.548333333334,2018-04-22
9555.542,2018-04-24
9258.398333333333,2018-04-26
9326.173333333334,2018-04-28
9259.57,2018-04-30
9221.426,2018-05-02
9710.73,2018-05-04
9630.136276683334,2018-05-06
9228.608333333334,2018-05-08
9101.483333333334,2018-05-10
8484.346666666666,2018-05-12
8652.038333333332,2018-05-14
8340.703333333333,2018-05-16
8240.055,2018-05-18
