NacamotoCoefs,activeClustersCounts,fees,ginisOfClustersWealth,nonEmptyClustersCounts,relativeFlowVolumes,times,unspents
511.0,72.8,230000000.0,0.9068857098281352,140.0,0.12363101708208686,2013-04-03 03:25:44,213158000000.0
511.0,90.8,230000000.0,0.9497457591865608,210.2,0.12363101708208686,2013-04-03 06:57:14,215038000000.0
511.0,110.8,230000000.0,0.9621564620207277,294.6,0.12363101708208686,2013-04-03 17:43:53,163318000000.0
511.0,108.8,232000000.0,0.9692979695467411,372.6,0.1221142989538585,2013-04-04 06:01:11,82438000000.0
511.0,127.8,180000000.0,0.9752676239969482,472.2,0.11741626186571756,2013-04-05 01:02:17,23602000000.0
511.0,120.2,4000000.2,0.9785591394054636,563.2,0.00012084518916304355,2013-04-07 17:02:47,16720000000.0
509.6,109.2,4000000.0,0.9809523677763459,646.2,0.00089735215308863,2013-04-08 11:49:07,14400000000.0
509.6,90.6,4000000.0,0.9824435446841553,714.4,0.0010740090049911736,2013-04-09 16:48:02,10680000000.0
509.6,87.8,2000000.2,0.9837122369707959,778.0,0.0010994277158337764,2013-04-10 07:43:22,9600000000.0
451.8,76.4,124000001.2,0.9842782844022413,822.0,0.016486139143434598,2013-04-11 01:34:43,6462860049.8
422.2,97.2,154141912.4,0.9848744462416071,880.4,0.016764322987201825,2013-04-11 07:16:21,15434672730.8
396.6,117.2,164741912.4,0.9855027967923947,945.2,0.029874490176128848,2013-04-11 16:42:51,21072337171.4
372.0,140.8,233141914.4,0.9860997466388113,1020.6,0.0305645073134878,2013-04-12 03:35:24,25927637169.4
311.4,153.4,285141914.8,0.9866992529215317,1100.8,0.03076903526240074,2013-04-12 17:18:15,29354805814.6
267.2,145.0,181141914.2,0.9869918682324894,1165.4,0.025866335386906313,2013-04-13 07:45:04,26574803368.4
194.8,127.8,185200002.8,0.9871109094214168,1208.8,0.02578581633186717,2013-04-13 22:45:10,16582489263.6
181.2,121.6,216608637.4,0.9870617371561886,1243.4,0.01209440028143284,2013-04-14 09:17:39,12018870894.8
104.0,107.8,296208635.8,0.9869256026306925,1264.2,0.011851536402884975,2013-04-15 01:17:21,29940926486.8
102.0,117.4,564250637.4,0.9867720743567074,1283.6,0.022782648494160576,2013-04-16 12:14:15,32152241680.8
165.2,150.0,814530638.6,0.9868045047900897,1302.8,0.08792608035577545,2013-04-17 00:50:31,131028204235.4
242.0,167.0,984370641.6,0.986804167800557,1322.6,0.08832485218124876,2013-04-17 19:32:17,134004997809.0
255.2,176.2,1158362011.0,0.9868146633425272,1342.2,0.08850694882698092,2013-04-18 15:18:26,140314134260.0
325.2,186.8,1182402016.6,0.9868347208191629,1361.4,0.08865200311776225,2013-04-19 08:10:34,124889226312.4
358.0,186.8,1218380019.0,0.9868313770373456,1377.6,0.07929519465049753,2013-04-19 23:24:16,121369265031.0
353.0,165.0,1148100022.6,0.9866324181267887,1395.0,0.004273852572615866,2013-04-20 17:12:40,24993016186.6
346.0,159.6,1136060026.0,0.9864542572298027,1409.8,0.003941689141215708,2013-04-21 08:46:00,24627353122.0
343.6,155.0,1208060031.4,0.9862889679974265,1422.0,0.0039362138433347345,2013-04-22 01:03:52,22432572020.2
334.2,153.6,1322028427.8,0.9861519812424702,1433.2,0.0036778582650517947,2013-04-22 19:00:33,20048805833.8
308.8,145.8,1194208430.8,0.9860844996226824,1444.0,0.00225632183856197,2013-04-23 15:57:01,25719449854.6
287.2,138.6,1114228431.2,0.9860526382602309,1453.2,0.0019512459137608338,2013-04-24 08:54:39,24115525047.6
293.4,132.4,1126248433.0,0.986057690649351,1462.6,0.0021495707811263363,2013-04-25 02:38:23,25102416761.8
245.2,122.6,992268429.0,0.9860717012292772,1470.0,0.0020291940388087936,2013-04-25 15:52:39,25835075672.6
274.6,115.8,1363340404.2,0.9860854322171347,1477.8,0.17315260600628155,2013-04-26 13:42:49,31800003332.4
329.8,109.6,1244800399.4,0.986063074605547,1487.0,0.19873149970388712,2013-04-26 23:04:43,32103940668.2
395.2,112.8,1825300395.6,0.9861488562665517,1502.4,0.21916100795473548,2013-04-28 05:16:06,33943844372.0
421.2,113.0,1845940390.6,0.986258078406037,1522.0,0.23858581037612797,2013-04-28 19:33:00,38938905050.0
484.8,116.6,1804580382.2,0.986337550383371,1544.2,0.2718555399018474,2013-04-29 11:44:18,35187736265.0
442.6,115.6,1233959997.6,0.9862740210119003,1565.6,0.1478370688789637,2013-04-30 00:32:16,27833179414.4
361.0,111.2,1226299996.8,0.9862789025051553,1583.6,0.12942112021915925,2013-04-30 13:02:49,22294401987.2
327.6,109.4,752679995.6,0.9862603236011205,1601.2,0.13798974913141399,2013-05-01 08:49:47,21962107765.0
251.2,108.2,742079994.8,0.9863239896349361,1621.0,0.13960622069559736,2013-05-01 23:27:37,17860535100.4
164.0,108.2,902040000.4,0.9864238719726423,1645.2,0.11455788030092531,2013-05-02 17:44:23,21907907515.0
129.4,122.4,1330241879.4,0.9867851018437459,1674.4,0.08082283675396078,2013-05-03 07:02:07,21070392909.8
109.4,145.4,2145781876.2,0.9872266461163907,1706.6,0.11912440836925922,2013-05-03 15:53:24,32667556690.6
59.8,159.0,2465456873.4,0.9876044508123101,1743.0,0.09704010030583217,2013-05-04 14:01:39,40435417224.0
44.6,178.6,3170084873.4,0.9878245983751001,1784.4,0.11076773936943533,2013-05-05 15:23:47,48591458021.6
44.6,192.4,3280004874.6,0.9880943021203643,1827.6,0.12244508520131774,2013-05-06 03:26:08,47264894436.6
31.4,257.0,3612173001.4,0.9883025019925507,1871.4,0.23395705954257054,2013-05-06 20:59:49,50691141833.2
31.2,254.8,3136725796.4,0.9883430453046195,1917.8,0.20277071355011414,2013-05-07 09:50:09,41002924781.0
12.4,251.2,3436992805.2,0.9883301387783983,1961.6,0.2388301643956916,2013-05-08 07:23:20,34942305344.4
2.4,251.4,2816564805.6,0.9883837007814413,2009.0,0.28156700212266117,2013-05-08 22:57:41,26150887547.2
2.4,263.2,2857392526.8,0.9884566674486818,2057.8,0.320241629731538,2013-05-09 19:22:13,26400305268.6
5.2,199.6,2158969001.2,0.9884828447536907,2106.8,0.20326097601990245,2013-05-10 07:37:07,23896546885.0
5.6,245.8,2395522247.2,0.9885875562957244,2174.0,0.2635251299355299,2013-05-11 08:41:53,26641603662.2
6.2,247.2,2140720239.4,0.9888457130327633,2240.2,0.23856381436402518,2013-05-11 16:54:57,77168068148.2
14.6,261.4,2277843200.0,0.9890842743889173,2305.4,0.18332481337480663,2013-05-12 23:12:01,146681552107.8
50.8,246.8,2056763787.0,0.9893143288481688,2371.2,0.13566591718321955,2013-05-13 08:18:47,143707678997.2
57.4,259.4,2295237318.0,0.9895308003767201,2440.8,0.1954247789360522,2013-05-14 08:58:38,141966831296.6
57.2,229.2,2061971048.0,0.9896987604254219,2490.2,0.21662310706759005,2013-05-14 23:54:31,136676399451.4
56.6,235.6,1799006142.6,0.9897579649709973,2533.4,0.23442246244723552,2013-05-15 14:33:59,85141052708.4
48.0,212.0,1648839301.0,0.9897811879050289,2568.8,0.21390489632133178,2013-05-16 12:33:49,15851976467.4
11.6,218.6,1972524411.6,0.989786388656093,2594.6,0.22524522221424315,2013-05-17 08:37:09,17020609019.8
2.2,205.8,1942880830.2,0.9898855707577591,2613.2,0.18273042801752193,2013-05-18 03:01:31,25424686116.2
2.2,192.0,1822466479.0,0.990010372691571,2633.8,0.1078340165693568,2013-05-19 00:40:29,65660206987.8
2.2,213.4,1984672856.8,0.9902476704907685,2667.0,0.18468976181946173,2013-05-19 22:10:37,66640368375.4
2.4,237.6,2690411681.6,0.99056357898716,2694.6,0.19886680656576733,2013-05-20 15:12:25,69230366512.0
2.4,240.6,2708519280.2,0.9908412903901269,2727.2,0.1935192796686175,2013-05-21 09:59:11,71324335412.8
7.8,245.0,2559805309.6,0.9910415167390232,2764.6,0.17179014843712637,2013-05-23 09:36:06,65543545791.2
15.4,268.6,2911913364.2,0.9912454292034811,2807.0,0.18151164811609657,2013-05-24 21:13:53,46692819108.6
15.6,257.2,3482843423.4,0.9914030262735688,2840.6,0.0900605166297653,2013-05-26 22:46:31,46767017224.6
15.4,221.4,2634488478.0,0.9915024550686807,2877.4,0.0794926822014534,2013-05-30 19:08:24,42357856686.6
15.4,196.6,2372532139.0,0.9916365272855732,2912.4,0.09122032009825205,2013-06-02 10:35:31,40761638830.4
10.0,173.4,2330009688.4,0.9917243305514525,2942.8,0.09073585867746832,2013-06-03 06:15:47,41800189342.2
18.0,135.0,1826956216.6,0.9917609594768668,2967.4,0.06294524574454603,2013-06-04 00:42:31,27479187628.2
18.0,103.2,966944427.6,0.991718390478869,2988.8,0.04328125642083874,2013-06-04 18:28:37,24218460047.4
18.0,102.4,1182377500.0,0.9916708259859753,3011.4,0.03971163699462705,2013-06-05 11:53:04,24916356369.6
18.0,108.4,1185252820.6,0.991577685002536,3031.6,0.011703775216706024,2013-06-06 05:24:33,25540487163.0
18.0,104.6,1233452822.2,0.9915123546124871,3049.8,0.00914197225760627,2013-06-07 01:34:53,23384305616.4
2.2,104.6,1685432826.0,0.9914619071016842,3064.8,0.009161629118382498,2013-06-07 20:52:24,17079757898.4
2.0,106.2,1717233088.6,0.9914028040851746,3080.0,0.010581806214604215,2013-06-08 16:10:28,20647198441.2
2.0,102.2,1611220017.2,0.9913451776263276,3090.6,0.009859453220944569,2013-06-09 11:48:46,19766614036.0
2.0,92.0,1564393811.0,0.9912796722128967,3100.6,0.018876022634368345,2013-06-10 06:21:55,17433606774.6
2.0,99.4,1680255654.8,0.9912469305182897,3110.2,0.022477911118597246,2013-06-11 01:13:27,16584027228.4
2.0,89.2,1520655656.0,0.9912154817026501,3119.6,0.01989714752427199,2013-06-11 18:48:51,24331274413.0
2.0,85.2,1478756772.4,0.9911819222711958,3132.8,0.017328369695064367,2013-06-12 14:27:05,22953127184.8
2.0,90.2,1894776772.4,0.9911719894219445,3148.2,0.01887667571443855,2013-06-13 09:02:17,24942179861.4
2.0,109.6,2001362978.0,0.9911670001530739,3166.0,0.05827590320255134,2013-06-14 05:35:55,27077975408.0
1.8,104.4,1871482502.6,0.9911268652695753,3183.4,0.055063742462544474,2013-06-15 02:17:41,29350340192.4
1.6,108.0,1653182501.8,0.9910975228005311,3200.8,0.055697156049627695,2013-06-15 23:41:33,24335311526.6
1.4,105.0,1657161383.8,0.9910779970578194,3213.0,0.05970751042629352,2013-06-16 18:28:12,24677587670.0
1.2,96.4,1675221383.0,0.9910537852526247,3222.4,0.06664618882240037,2013-06-17 15:17:03,22944312655.2
1.0,77.4,1654669125.2,0.9910384944316609,3231.0,0.019246974025873376,2013-06-18 10:34:42,20928924713.8
1.0,81.8,1704487756.8,0.9910300400563473,3246.0,0.01890706611456765,2013-06-19 04:36:26,24633763504.2
1.0,77.4,1730387755.6,0.9910342298730317,3265.0,0.026282776017710768,2013-06-19 22:23:44,22118570380.8
1.2,70.0,1762907756.0,0.9910355410943991,3283.8,0.022942215635676833,2013-06-20 18:40:06,19769258785.2
1.4,64.8,1286807756.6,0.9910324767739915,3302.2,0.01393887913633072,2013-06-21 11:51:15,23623752121.2
1.6,58.8,1200600015.2,0.9910277820183442,3320.0,0.012948596223553332,2013-06-22 06:18:05,27853322265.4
19.6,44.6,1188653638.0,0.991026774838746,3330.4,0.012474056889288248,2013-06-22 23:35:15,27830572681.0
19.6,40.4,1204653637.6,0.99102503670108,3334.8,0.004572770780629584,2013-06-23 16:20:40,31860639720.2
19.4,40.8,1156127376.8,0.991039564409437,3339.4,0.004199688269996369,2013-06-24 10:12:44,32773569881.8
19.2,43.6,1132315510.4,0.9910534107757221,3344.4,0.003737626231363596,2013-06-25 03:57:01,30262343330.8
19.2,45.8,1052515510.0,0.9910390886622775,3347.4,0.01124953427593977,2013-06-25 23:32:55,27276887734.2
1.2,47.4,990661888.0,0.9910200822243291,3350.8,0.011528088690265873,2013-06-26 19:32:44,26298398060.2
1.2,47.0,1445663020.8,0.9909868333260835,3355.2,0.012897935159151542,2013-06-27 14:13:34,23308066533.6
1.4,48.0,1493772971.6,0.9909824431199153,3360.2,0.02108252598908907,2013-06-28 09:41:36,22598210817.0
1.6,45.2,1511584840.0,0.9909747399597164,3365.0,0.020938828454837816,2013-06-29 04:00:10,21798819399.6
1.6,44.6,1529389861.4,0.9910242947833456,3370.8,0.014578606793311527,2013-06-29 22:59:56,20813364302.6
1.6,44.0,1577194323.2,0.9910781738785994,3376.6,0.014449932980869593,2013-06-30 18:39:55,16714680654.0
1.6,42.4,1066193189.8,0.9911398465478992,3382.0,0.013069487074257488,2013-07-01 13:32:37,15626623252.4
1.4,41.8,950009500.2,0.9911678894849242,3386.4,0.012544541715650653,2013-07-02 07:16:30,16773834500.8
1.4,40.6,894029499.6,0.9911808428152076,3390.4,0.02178256741877872,2013-07-03 00:48:50,18258930905.2
1.4,38.6,896024479.2,0.9911475671379971,3395.4,0.021648209679285883,2013-07-03 19:30:29,20174459480.2
1.4,41.0,928020018.8,0.9911241479789664,3401.0,0.021931132925329114,2013-07-04 14:04:14,21212782754.8
1.4,44.6,1628020018.0,0.9910557125288406,3408.6,0.03753009566383037,2013-07-05 08:22:28,22345571737.2
1.4,42.4,1726020017.0,0.9909952823988337,3415.8,0.029462908877587724,2013-07-06 02:03:32,21134797089.0
1.4,44.8,1810060477.4,0.9909526160810582,3424.6,0.0226121199705895,2013-07-06 22:26:23,20837050422.4
1.4,46.0,1920320027.2,0.9909283259269582,3432.4,0.021287253694284067,2013-07-07 19:09:52,18678538177.6
1.6,44.8,2300540026.4,0.9909238716357297,3439.0,0.03366884842865063,2013-07-08 16:08:09,22121841689.0
1.8,53.4,1806540030.6,0.9909602399799894,3453.6,0.028951319801782227,2013-07-09 10:30:33,27324051831.8
2.0,59.2,2252653662.4,0.9909964574442643,3472.2,0.030615414111408078,2013-07-10 09:26:12,30086175408.6
2.0,66.6,2425873393.6,0.9910281030553888,3499.0,0.029973822680313567,2013-07-11 02:56:41,31825366139.0
1.8,76.8,2435613843.6,0.991084337087161,3536.2,0.04062838131675633,2013-07-12 01:13:35,35198608934.8
1.8,78.2,2097393842.6,0.9911082764856796,3577.8,0.027881629374510702,2013-07-12 20:13:51,31534241184.8
1.8,72.2,1917393912.0,0.9911357922653528,3615.6,0.016648475243573373,2013-07-13 12:38:48,27327159796.4
1.6,77.8,1575320279.6,0.9911429942706735,3659.8,0.015636067088931966,2013-07-14 06:49:29,26133894965.2
1.4,77.0,1442060090.6,0.9911770253657435,3704.0,0.019994096403478333,2013-07-14 23:44:29,22778386561.6
1.4,67.2,1309336500.6,0.9911853472223349,3740.8,0.009003453710164578,2013-07-15 17:52:20,18609688992.0
1.4,65.8,1349336500.4,0.9911847990046114,3775.0,0.012374004123585082,2013-07-16 11:03:28,14635799392.4
1.4,61.4,1703378003.6,0.9911942838226233,3804.6,0.0144838669470951,2013-07-17 03:41:04,12021523080.8
1.6,54.4,1785738730.4,0.9912007625062209,3826.8,0.03515635652646541,2013-07-18 00:25:44,9807002427.8
1.8,48.8,1971718729.8,0.9911929510915913,3839.8,0.04933279788787598,2013-07-18 20:35:29,9064900297.2
2.0,49.2,2118883772.2,0.9911834966955452,3851.8,0.049532306774986115,2013-07-19 13:23:43,8893067360.6
1.8,50.4,2202883769.8,0.9912027503182126,3866.0,0.047609427822503825,2013-07-20 07:42:07,9467742665.4
1.8,51.6,1955001555.6,0.9912055738069503,3880.8,0.04693059631454295,2013-07-21 02:08:21,8719624922.0
1.6,50.4,1842767358.8,0.991204333064671,3895.8,0.02677860392758965,2013-07-21 21:11:36,8555566634.6
1.4,49.2,1664767355.6,0.9912009874829716,3912.6,0.007088985587998364,2013-07-22 19:10:02,8039037947.4
1.4,47.4,1574325903.6,0.9912067159628768,3927.6,0.008396665727606972,2013-07-23 12:55:27,7043304940.8
1.8,46.2,1360327332.0,0.9912082117863792,3939.8,0.007951036510948067,2013-07-24 05:39:43,7151532483.6
1.8,44.6,1140167972.0,0.9912109244911598,3951.8,0.006672112160442315,2013-07-25 02:59:39,6519334303.2
2.0,41.6,1090001448.6,0.9912304684413822,3960.4,0.006233846444496045,2013-07-25 20:53:28,5671073323.0
2.2,38.0,982001450.6,0.9912413598992964,3966.0,0.0058538477822903685,2013-07-26 14:36:47,6064201983.2
2.2,36.0,1048001448.6,0.9912575222181068,3969.4,0.043077707616687125,2013-07-27 08:34:10,7753655976.8
2.0,32.6,1592000023.0,0.9912602048625072,3972.0,0.04367606222746242,2013-07-28 02:55:40,6783938170.4
2.0,30.8,2144000016.4,0.9913042201488391,3972.2,0.05838062344256863,2013-07-28 21:31:19,5827522062.0
2.0,30.2,2104000007.2,0.9913473217143574,3973.2,0.05790375627634733,2013-07-29 21:28:01,5334122868.6
2.0,31.0,2212000005.2,0.9913958031107499,3974.6,0.05784917849976416,2013-07-30 20:16:05,3959769515.6
1.8,30.2,2192000007.4,0.9914300307203023,3977.6,0.02019504567482643,2013-07-31 15:58:35,2442333298.0
1.6,31.2,1929999989.4,0.9914650481904665,3980.2,0.021996604208725477,2013-08-01 10:37:30,2871463478.0
1.6,32.2,1460000009.8,0.9914696823565683,3983.2,0.007567634904261533,2013-08-02 08:17:02,3351218887.0
1.6,35.4,1822000009.6,0.9914896826327173,3986.4,0.0165863701073631,2013-08-03 03:54:05,4620387822.6
1.6,35.2,1996020008.0,0.9915191357615711,3989.8,0.017343759576567575,2013-08-03 23:19:53,4251577437.0
1.8,36.0,2036020009.2,0.9915646935947168,3992.8,0.01854570455573573,2013-08-04 22:25:31,3650044500.6
2.0,39.2,2072020022.6,0.991610471335985,3998.4,0.01627204437347516,2013-08-05 16:26:45,3157524479.2
2.0,39.0,2360019997.6,0.9916427170130069,4004.4,0.016929395048140183,2013-08-06 10:52:46,11166309133.0
2.0,38.8,2360019990.4,0.9916659256128056,4009.8,0.010519538793458665,2013-08-07 04:56:47,9928525240.8
2.0,39.2,2971999986.8,0.9916893927166528,4015.8,0.013367508568988065,2013-08-07 23:36:55,10141931954.0
2.0,37.6,2972019984.0,0.9917136656227974,4021.0,0.012743570717428964,2013-08-08 20:15:23,10092420001.6
1.8,35.2,3061439985.2,0.9917434634536433,4023.4,0.02047176081419037,2013-08-09 18:10:28,10244627043.0
1.8,34.0,2928640086.4,0.9917941506697403,4025.0,0.02057212041704292,2013-08-10 10:00:42,1934955892.8
1.8,33.0,2814814495.0,0.9918541778365487,4027.6,0.020722827112343946,2013-08-12 07:28:30,1630760321.8
1.6,35.0,2326814497.4,0.9919064184934481,4031.2,0.019575180197135188,2013-08-13 02:45:00,1363833668.4
1.6,37.2,2546794499.0,0.9919496634419603,4035.6,0.018602671190742756,2013-08-13 23:04:16,2034566441.4
1.8,41.4,2297374499.6,0.9919931642826473,4045.8,0.010042661590538623,2013-08-15 02:32:11,1420955691.0
1.6,43.4,2494194404.0,0.9920289051399734,4057.0,0.00983255906422043,2013-08-16 12:08:23,3167301299.2
1.6,48.2,2387640002.6,0.9920521074211818,4072.8,0.007580951270900907,2013-08-17 17:51:50,4043371932.8
1.8,48.2,2033640006.4,0.9920694323809774,4087.4,0.005097252553042635,2013-08-19 21:52:57,4110222494.0
1.8,48.8,2057840004.4,0.992079750144983,4101.8,0.0069428103575808284,2013-08-21 01:17:42,5182979772.6
1.6,44.0,2037860007.6,0.992085830921798,4110.8,0.00640315535734047,2013-08-22 04:55:01,5298186415.2
1.6,43.2,1751840015.6,0.9920894157380804,4120.2,0.005355620071130916,2013-08-23 00:22:51,3537635304.0
1.4,37.4,1666220020.2,0.9920918498466857,4124.8,0.004083820340363034,2013-08-23 19:56:29,2772326941.0
1.2,36.0,1750220022.6,0.9921109302651361,4129.6,0.004403825836067973,2013-08-24 14:07:01,2722186185.0
1.0,34.6,1309684669.6,0.9921474938440833,4134.4,0.0023102826094384774,2013-08-25 08:11:27,1605031397.2
1.2,34.6,1308864672.0,0.9921797950011614,4139.2,0.0036529810660365994,2013-08-26 02:21:10,1515319427.8
1.2,36.4,1325464665.8,0.9922103530605785,4143.0,0.003733218607802395,2013-08-26 21:37:20,1330674514.0
1.2,34.8,1522264668.4,0.9922404457695299,4146.0,0.004257199193769123,2013-08-27 21:20:04,1206953238.2
1.2,33.6,1671664668.2,0.9922370933370178,4148.4,0.005358540516206581,2013-08-28 18:07:41,1207179835.4
1.2,35.0,2651620020.8,0.9922224974620409,4151.0,0.009493521901869407,2013-08-29 12:52:52,301600300.6
1.0,37.2,2775620018.2,0.9922209241873944,4153.0,0.008480154980318129,2013-08-30 07:51:57,271557513.8
1.0,37.6,2876220020.6,0.9922219726163772,4154.8,0.008724229447921249,2013-08-31 11:49:32,873908497.6
1.0,39.2,2932620014.8,0.9922227353396318,4156.4,0.009299624733076679,2013-09-01 11:40:18,871545618.0
1.2,39.8,4028419954.2,0.9922437252535599,4157.8,0.011600553054160115,2013-09-02 09:58:23,1620386149.4
1.2,37.6,3810199958.6,0.9922685575566075,4158.8,0.009961966220842776,2013-09-03 19:10:22,1543937351.4
1.2,35.4,3918399956.2,0.9922864277348922,4160.4,0.010091187746090502,2013-09-04 17:40:51,1606153931.0
1.2,33.0,3996399956.8,0.992304607819567,4161.8,0.009899728073993442,2013-09-05 20:06:23,2063399165.8
1.2,31.2,3996799963.0,0.9923228665036813,4163.2,0.00929206210829929,2013-09-07 00:23:10,2371222911.2
1.0,30.0,2843600013.6,0.9923348364727265,4164.8,0.005540358674265123,2013-09-08 01:41:21,2212864181.6
1.0,31.8,2520800014.0,0.9923443154289767,4166.4,0.003001984629408852,2013-09-09 01:28:36,2298738022.0
1.0,31.8,2599200010.8,0.9923622043728828,4167.8,0.0053741995623642425,2013-09-09 21:12:06,2552875263.2
1.0,33.0,2583524790.4,0.9923854703511612,4169.4,0.005612493614951273,2013-09-10 23:33:50,2434908405.6
1.0,35.0,3251324755.2,0.9924046092564829,4170.8,0.0073464746872030666,2013-09-12 00:14:36,2378274915.0
1.0,48.6,3638624765.8,0.9924250922652245,4183.0,0.013167829814814045,2013-09-12 22:06:39,4190427318.0
1.0,47.4,3579424767.4,0.9924589760166583,4195.2,0.01640001822374853,2013-09-13 20:28:53,4392579648.0
1.0,48.2,3397664144.8,0.99248476539249,4207.6,0.014038306347660578,2013-09-14 18:41:59,4439545937.2
1.2,48.0,3698107886.2,0.9924888228955251,4220.8,0.016162136072123807,2013-09-15 20:41:49,3673480409.8
1.4,48.4,3725507884.6,0.9924996175383198,4234.6,0.01569561283776782,2013-09-16 20:36:41,3470824055.0
1.4,36.0,3664207879.6,0.9925157583695764,4237.2,0.010139436614462075,2013-09-17 21:18:44,2107433339.8
1.6,37.0,4039227878.0,0.9924887331955237,4239.6,0.06452312385413364,2013-09-19 00:09:27,1888290111.4
1.8,36.2,4386788502.8,0.99245503219661,4242.8,0.06493307181506727,2013-09-19 20:45:48,2021667207.8
1.8,34.2,4187019982.6,0.9924456740362404,4244.8,0.0661248257490113,2013-09-21 02:22:20,1861129074.2
1.8,34.0,4502859956.6,0.99244310830979,4247.2,0.06813399420649079,2013-09-22 03:23:33,2120057048.8
1.8,41.0,4996959921.6,0.992423103321471,4252.4,0.07686215775809233,2013-09-23 00:57:43,1530583006.4
1.6,46.2,6769419785.0,0.9924841072927473,4258.2,0.03395090591461293,2013-09-24 08:05:33,2705682042.8
1.4,49.0,6864022678.4,0.9925512726544415,4263.4,0.03375954454548549,2013-09-25 08:00:13,2851203399.6
1.4,51.4,6935833042.6,0.9926093363098222,4269.8,0.030931489346162723,2013-09-26 23:20:48,2966762944.2
1.4,52.8,6155193103.0,0.9926555527033715,4277.8,0.0282020391654809,2013-09-27 22:05:19,3015870831.4
1.6,49.2,5869093134.6,0.9927025032204163,4284.6,0.022222209805917305,2013-09-28 21:11:25,5712431497.0
1.8,45.6,4260633258.8,0.992701520163848,4291.2,0.009352061529667308,2013-09-29 19:28:24,6136277315.4
2.0,45.4,4136603145.4,0.9927015775445243,4299.2,0.012723567486919444,2013-09-30 18:27:15,5631896632.6
2.0,45.0,4034150191.8,0.9927013518864634,4305.8,0.016006504278977485,2013-10-02 00:15:05,5575539078.6
2.0,45.2,3945071197.6,0.9926972232560647,4310.6,0.017876459205151622,2013-10-03 19:40:18,5672582616.2
2.0,41.2,3525071205.6,0.9927109581721419,4314.8,0.015615734089328242,2013-10-05 07:02:57,2899566332.6
2.0,38.4,3102451210.0,0.9927164728703369,4319.6,0.014100021629275683,2013-10-06 20:07:59,1793515256.0
2.0,36.4,2918400471.0,0.9927159157248162,4324.0,0.01100127716725428,2013-10-08 06:29:08,1794916161.4
2.0,37.6,2976858240.4,0.9927155288754331,4330.0,0.007962045391884436,2013-10-09 06:31:14,1836116788.2
2.0,36.0,2797937231.6,0.9927161343418808,4336.0,0.006165097366650357,2013-10-10 05:05:43,1532167312.8
2.0,38.4,3330557216.2,0.9927184478473844,4342.0,0.012133850586873367,2013-10-11 03:39:38,5089950064.6
2.0,41.2,3797157212.6,0.9927265818826063,4347.4,0.014912671137876272,2013-10-12 06:02:40,5101717364.2
2.0,44.6,4151035163.2,0.9927353524315243,4352.2,0.01747879855707144,2013-10-13 10:11:49,5292759236.4
2.0,45.8,4479224433.2,0.9927662538208967,4357.0,0.01982358284434495,2013-10-14 06:56:40,5535504870.2
2.0,47.2,4834324432.4,0.9928077225204923,4361.0,0.020500159007731146,2013-10-15 05:10:41,5576753648.0
2.0,48.6,4667713785.6,0.9928466649691987,4365.0,0.014312877633996034,2013-10-16 03:54:20,1955880953.4
2.0,48.8,4289313790.8,0.992872576306451,4370.6,0.01158090072614464,2013-10-17 01:21:46,1956740925.2
2.0,49.4,3901347301.8,0.9928922264145473,4378.0,0.011824205335623904,2013-10-17 21:30:14,3182343522.2
2.0,47.2,3631142851.4,0.9928958938750986,4384.4,0.009658627742794721,2013-10-18 16:39:39,2918171223.8
2.0,46.4,3570063093.0,0.9928898187918463,4391.6,0.010228016934858522,2013-10-19 12:44:44,3394175859.4
2.0,46.4,3458157634.2,0.992882350670425,4399.0,0.011449620811814411,2013-10-20 16:53:21,4232543617.6
2.0,46.6,3348718515.2,0.9928910415965533,4405.2,0.012543439722865576,2013-10-21 15:56:29,4381328010.8
2.0,42.8,3655885013.2,0.9929159773261406,4409.6,0.00989126065215228,2013-10-23 07:56:29,2814723536.4
2.0,41.6,3607885009.8,0.9929376506821672,4413.8,0.009485454486195831,2013-10-24 22:07:14,2892658449.4
2.0,42.8,3768264762.6,0.9929724824768696,4417.4,0.00989139642488189,2013-10-26 10:50:05,4187844342.4
2.0,48.0,3662525498.2,0.9929939168416786,4423.2,0.011835757409350802,2013-10-28 00:24:41,3633765182.0
2.0,48.8,3806708546.6,0.9930181234692487,4430.4,0.012040494424257645,2013-10-29 12:25:18,4161726091.6
2.0,63.0,3818176400.6,0.9930419098511365,4440.4,0.01534923814880689,2013-11-01 05:36:30,16101042920.4
1.8,72.4,4297110754.4,0.9930581962890457,4455.6,0.01594799992260258,2013-11-02 16:57:24,20899894726.6
1.8,100.6,4613310762.6,0.9930647912393589,4478.6,0.07768977248166437,2013-11-08 20:55:00,21515413875.0
1.6,112.4,6005036026.8,0.9930882689983246,4502.2,0.08162687707389152,2013-11-12 09:17:12,24722389184.6
1.4,166.4,6429732558.4,0.992825091826403,4553.8,0.28073931175070543,2013-11-21 03:09:33,386576449484.8
1.2,175.2,6338264710.6,0.9925397687155899,4614.6,0.2828604453218167,2013-11-25 03:36:06,384009512969.0
1.2,191.0,5695524749.8,0.9922531113322683,4685.6,0.29394094296345186,2013-11-28 07:35:56,387706636311.8
1.0,175.6,5031144755.6,0.9920000302952341,4754.2,0.2659595861567846,2013-11-29 02:58:36,392381997221.6
1.0,165.8,3506054874.2,0.9917572030995716,4820.4,0.2676577854387896,2013-11-29 19:48:40,390492061148.6
1.2,121.6,3118938032.6,0.991798146707666,4858.0,0.06774942401334902,2013-11-30 12:16:09,32472073479.2
1.2,108.0,2823739079.8,0.9918612184634037,4883.6,0.07105537779820192,2013-12-01 05:48:37,30440607082.2
1.2,92.0,2943544691.0,0.9919249269871852,4896.6,0.06108263268314913,2013-12-02 01:49:38,25821258553.6
1.2,94.0,2963344691.4,0.9919473447967008,4910.2,0.02567061086790325,2013-12-02 18:40:21,31277377527.2
1.2,102.0,2944933103.4,0.9919361612180608,4930.0,0.020400854507812722,2013-12-03 10:58:21,37259793568.8
1.0,105.2,2625633639.8,0.9919149686075104,4952.0,0.022204976070709512,2013-12-04 06:04:40,54176028096.4
1.0,106.6,2510035544.4,0.9919049488126286,4975.0,0.0163158400243479,2013-12-04 22:42:54,52259094123.4
1.0,113.8,2476235547.0,0.9919045772767439,5001.4,0.017173245297640895,2013-12-05 16:04:28,55331803426.6
1.0,115.8,2428276199.6,0.9919018035809234,5032.0,0.016652980165334747,2013-12-06 09:49:12,59785339817.8
1.2,114.2,2371987795.0,0.9918958733643514,5058.8,0.014192613885839622,2013-12-07 02:57:57,55255202477.4
1.2,120.6,2293163644.6,0.9918602968555257,5091.0,0.01852928690125318,2013-12-07 21:37:55,38152520361.2
1.2,128.8,2398846966.0,0.9918087806387961,5127.2,0.016366337994649472,2013-12-08 15:29:02,38265898691.8
1.4,142.4,2310674751.4,0.9917219444563576,5165.6,0.022426122647657507,2013-12-09 08:33:06,677959695493.8
1.4,150.2,2147374781.6,0.9916579781513015,5207.6,0.030789237059773954,2013-12-10 01:26:15,670390907097.4
1.2,157.8,2099274782.2,0.9916111024186035,5256.0,0.032483392529249436,2013-12-10 21:26:55,709085243676.4
1.2,181.6,2611394786.0,0.9915921377111578,5310.4,0.02798459853478346,2013-12-11 14:40:56,709981923763.2
1.4,195.6,2452045576.4,0.9915634390534137,5372.4,0.028088076262709077,2013-12-12 08:02:06,709681331468.4
1.2,187.0,2696027746.6,0.9915654248420778,5433.0,0.019256158455460727,2013-12-13 05:30:21,67331941714.2
1.4,179.8,2840460870.6,0.9915475903679717,5486.6,0.0127387429722226,2013-12-13 23:52:43,62432917230.4
1.6,170.6,3002660880.8,0.9915225532256843,5534.6,0.014979179174081831,2013-12-14 23:25:26,36464481507.0
1.6,148.2,2558824582.0,0.9914883774169875,5578.0,0.01239542418603873,2013-12-15 17:41:19,35842224090.0
1.6,122.4,2652087517.6,0.9914468119280351,5610.8,0.013570850771442327,2013-12-16 12:48:08,35066370711.6
1.8,117.0,2430277559.6,0.9914003952829253,5639.8,0.01314152286381116,2013-12-17 07:27:40,34621720244.0
1.8,125.6,2301083752.0,0.9913349214516728,5665.8,0.02529029678200645,2013-12-18 01:01:45,1065428913735.0
1.6,123.2,2146683739.4,0.9912704572919425,5691.4,0.020116599568892245,2013-12-18 20:00:38,1056015320470.0
1.6,108.4,1942461606.8,0.9912145524775549,5708.6,0.02053497627402575,2013-12-19 15:25:39,1057164912879.4
1.4,116.8,1738861605.8,0.9911698222110401,5728.8,0.018228478063698827,2013-12-20 08:51:24,1071688142061.2
1.2,113.2,1570868193.0,0.9911226275326998,5748.2,0.018935871686383304,2013-12-21 01:59:49,1089381665176.4
1.0,99.6,1479067110.4,0.9910964933839719,5767.2,0.006083209399667536,2013-12-21 18:41:40,59989276861.8
1.0,109.4,1297112571.0,0.9910768211164834,5787.6,0.005715831441391174,2013-12-22 12:11:37,62762271338.6
1.0,118.2,1282850996.0,0.9910530790013986,5808.2,0.006028417936926782,2013-12-23 04:54:16,96496975054.2
1.0,119.4,1292450994.0,0.9910261011284461,5826.0,0.005522657467971107,2013-12-23 22:21:13,82684744626.8
1.0,125.4,1256322360.2,0.9910145056391109,5842.4,0.005279498445915415,2013-12-24 15:26:14,65910853943.0
1.0,127.4,1298142837.2,0.9910077016972243,5860.2,0.004310984397248278,2013-12-25 08:52:48,62085763495.0
1.0,116.0,1264132409.0,0.9910080915302599,5874.0,0.004413254548353958,2013-12-26 01:46:32,56550180293.4
1.2,112.8,1460252413.0,0.9910152745906522,5888.4,0.004111885116820574,2013-12-26 23:00:34,24365717970.8
1.4,114.4,1634361277.0,0.9910291710808071,5903.2,0.004066051841116444,2013-12-27 16:06:41,26445295629.0
1.6,115.0,1964303328.4,0.9910370729758476,5922.0,0.006563672483844199,2013-12-28 08:24:45,24730920400.0
1.8,117.8,2134283933.0,0.9910405737742994,5941.8,0.0074783455249570864,2013-12-29 03:24:50,26780348172.4
1.8,125.4,2288248899.2,0.9910379252817352,5966.6,0.015874298281599915,2013-12-30 01:08:07,26735411279.8
1.6,128.6,2136128901.4,0.9910324762967446,5992.6,0.018382117343485646,2013-12-30 18:04:18,24724517041.6
1.6,128.2,2032215655.0,0.991029871676591,6020.4,0.018664179363958915,2013-12-31 11:35:01,22511369543.6
1.6,126.0,1827395652.0,0.9910282748717583,6045.2,0.015725568035067233,2014-01-01 04:11:20,21935022027.6
1.6,122.4,1855395648.2,0.9910299489390713,6066.6,0.015194423558041436,2014-01-01 21:48:44,19442669645.2
1.8,128.8,2103828040.0,0.9910461645446874,6084.6,0.014938961400171868,2014-01-02 17:01:34,20100992810.8
1.8,128.6,2588008418.2,0.9910795774977565,6100.6,0.014692823644809944,2014-01-03 11:23:13,15946126011.8
1.6,120.8,2981812805.4,0.9911064992405905,6113.8,0.014965011091212094,2014-01-04 10:07:53,13741317969.8
1.4,123.2,3366832813.8,0.9911296759972332,6130.2,0.015543069285023905,2014-01-05 11:35:12,14937957867.2
1.2,124.8,3446832819.8,0.991149788427294,6145.8,0.014831226056699615,2014-01-06 11:29:52,14822431232.0
1.0,124.0,3610400436.6,0.9911618802815892,6160.8,0.007401626235971982,2014-01-07 10:25:26,13384620660.6
1.2,129.2,4240228460.4,0.991172075789238,6175.4,0.00798737427089184,2014-01-08 12:57:51,13294542038.0
1.2,136.6,4128739288.0,0.9911873061242813,6188.6,0.00828617783058468,2014-01-09 16:01:44,12251959936.0
1.2,133.2,4162537208.0,0.9912120338778692,6198.0,0.009253631409401195,2014-01-11 14:12:11,20725965910.4
1.2,133.6,4372737209.2,0.9912421376046531,6209.0,0.011607663999207176,2014-01-12 17:57:47,22139048554.8
1.2,130.2,4948941211.6,0.9912776264072909,6220.8,0.013598687477794172,2014-01-14 00:49:02,23451997806.8
1.0,126.2,4587125802.6,0.991302959440936,6233.2,0.013593631698737202,2014-01-15 13:26:40,24513683552.2
1.0,125.0,4884831718.6,0.9913284248031602,6246.6,0.0130868338658127,2014-01-18 11:43:07,25212302878.4
1.0,125.8,4754815793.8,0.9913439217021363,6262.0,0.012761063723754828,2014-01-20 14:22:57,16439863050.8
1.2,133.2,4682753752.4,0.9913519394099863,6279.0,0.010383696691974746,2014-01-22 01:21:44,16974698069.6
1.4,138.6,4072549743.4,0.9913560812980788,6296.2,0.00831750365174352,2014-01-22 20:33:12,16778845450.8
1.6,136.6,3648356746.6,0.9913534707432671,6315.6,0.005098509826942087,2014-01-23 14:33:08,17312936856.4
1.8,137.2,3404139996.4,0.9913510412763852,6339.0,0.005454503186955316,2014-01-24 08:29:58,18741126478.6
2.0,136.0,3548140397.0,0.9913492489832679,6363.2,0.004697055439400013,2014-01-25 04:38:25,24181846194.6
1.8,127.2,3888021647.2,0.9913518937883321,6384.0,0.0068868045337079995,2014-01-25 21:50:36,24220199188.4
1.6,115.2,4206841630.2,0.9913559799758553,6404.0,0.006816784529508252,2014-01-26 17:09:25,22323193099.2
1.4,114.4,5127056903.2,0.9913722133977106,6421.8,0.022209129905499912,2014-01-27 11:45:32,34247257441.4
1.6,118.0,6140858898.2,0.9914140240552379,6438.8,0.0273864801450591,2014-01-28 07:14:24,32611108739.6
1.6,121.0,6026876488.2,0.9914589574701053,6454.4,0.03001568229178549,2014-01-29 08:27:48,25860826016.4
2.0,123.6,5612859270.4,0.991492719489511,6472.8,0.03799415075843312,2014-01-30 03:38:06,23912654777.6
2.4,125.6,5300270300.4,0.9915185442177709,6489.8,0.03759796040937074,2014-01-31 00:47:27,23323349682.0
3.0,123.8,4968057019.0,0.9915427374975858,6509.4,0.023581803571762743,2014-01-31 20:17:43,10226348717.6
3.0,117.4,4062276087.4,0.99154228082725,6525.0,0.018164774227298713,2014-02-01 18:41:12,8675831447.0
3.2,122.6,4910516211.2,0.9915397979404184,6540.4,0.021343432925766615,2014-02-02 13:53:11,8937850998.2
3.2,125.0,5866946743.4,0.9915737724013003,6554.2,0.038603183796929216,2014-02-03 07:49:29,61782235854.4
3.2,126.4,7796815527.6,0.9916089047344638,6568.6,0.04061262621884484,2014-02-04 07:18:17,61551090100.6
3.2,128.4,7454915497.8,0.9916386335643821,6582.0,0.04004782310002876,2014-02-05 06:17:25,62610086585.4
3.4,127.4,7441096434.0,0.9916612349311542,6596.4,0.04060978292551269,2014-02-06 04:16:21,63368606394.6
3.8,116.6,6757045576.6,0.9916910222558764,6608.8,0.03512878183589528,2014-02-07 00:59:37,62113788443.4
4.0,107.4,6118613044.2,0.9916961776051858,6620.8,0.007982980602357432,2014-02-07 23:04:36,9527572514.4
4.0,100.0,4102614370.2,0.9916997459479958,6630.8,0.0067747036878879965,2014-02-08 23:37:59,11924812525.6
3.8,92.8,3938614403.6,0.9916971090924808,6637.6,0.007253042421989611,2014-02-09 22:23:11,10893934135.8
3.6,89.8,3574414402.2,0.99171181169071,6642.6,0.00866386226247651,2014-02-10 22:54:15,10586970675.0
3.2,99.6,3572657464.4,0.9917174445420651,6648.0,0.009652971940362036,2014-02-11 18:23:07,10534721420.8
2.8,112.2,4055172399.6,0.9917319167359535,6651.8,0.013367409945571212,2014-02-12 14:58:07,10043252900.6
2.8,127.8,4252773267.8,0.9917455398054692,6655.8,0.01806571741642091,2014-02-13 13:31:12,19365463826.2
2.8,152.8,4808673268.8,0.991767530268923,6665.8,0.021704727154449367,2014-02-14 14:17:33,18969592378.0
2.8,237.2,9285883043.6,0.9918051654289284,6693.0,0.0370662165638813,2014-02-15 21:33:50,45513124762.4
2.6,281.4,10468192589.8,0.9918638535706705,6727.4,0.0440091666546357,2014-02-16 20:17:54,45873451995.8
2.4,328.2,10150479530.2,0.9919206692429501,6772.8,0.05639488190027758,2014-02-17 15:18:35,45734656157.6
2.2,367.8,10422383526.6,0.991981472956262,6829.8,0.057381332139992094,2014-02-18 18:12:37,34575282804.6
1.8,371.4,9950589526.4,0.9920507426096897,6884.6,0.05465287409514251,2014-02-19 14:44:16,40047377334.8
1.4,333.4,5911158141.0,0.9920898186060768,6937.6,0.04393345147625597,2014-02-20 07:39:45,15457253291.2
1.4,339.6,5146512936.4,0.9920886835242232,6991.2,0.04572854956887382,2014-02-21 00:28:49,16303538812.8
1.6,320.4,4976615051.0,0.9920845101368773,7038.6,0.03047964736734423,2014-02-21 17:21:51,16471593655.0
1.6,349.6,5050815056.2,0.9920913191383045,7096.0,0.02602763144317713,2014-02-22 10:50:16,16767787147.2
1.8,404.0,6023247041.2,0.9921199424095855,7171.2,0.031244751806754723,2014-02-23 04:18:49,11344982844.2
2.2,448.2,6794687359.6,0.9921882389632917,7267.0,0.02802929254111866,2014-02-23 21:37:12,10464737624.8
2.4,453.4,7077241365.8,0.9923072004975598,7382.4,0.01840957549716782,2014-02-24 14:42:03,9855852566.4
2.6,479.6,7571531288.0,0.9924479939490685,7522.0,0.017804440110760964,2014-02-25 10:22:07,11188543394.8
2.8,443.8,7629806724.2,0.9925800361173931,7662.8,0.015624606066945625,2014-02-26 05:37:20,20010790872.4
2.8,371.4,6715566744.8,0.9926723147899874,7786.8,0.008546093165317225,2014-02-27 00:32:48,21865839534.6
2.6,287.8,5845408941.6,0.9927222048466169,7878.6,0.0046659778098097505,2014-02-27 20:44:14,23378767494.6
2.4,239.8,5232798272.2,0.9927509625861559,7958.8,0.004072030221081784,2014-02-28 13:43:45,23204614003.8
2.2,176.6,4643652070.4,0.9927446443201925,8013.0,0.008626807823111196,2014-03-01 07:22:32,405723242918.4
2.0,139.4,4919721629.6,0.9927500835491261,8050.0,0.013002862823505764,2014-03-02 00:49:11,397496018499.2
2.0,144.4,5315789356.8,0.9927637288288815,8089.4,0.014456150005296367,2014-03-02 18:41:03,396632906485.8
2.0,149.4,5886842150.0,0.9927872055158466,8131.6,0.018201685255256086,2014-03-03 12:13:25,396523452485.6
2.0,136.6,5664860873.0,0.9927968618587879,8162.0,0.01931892128017616,2014-03-04 05:04:31,398684565777.8
2.0,170.6,5393282510.8,0.99283447369107,8210.8,0.015963863035856545,2014-03-04 22:46:21,16415988864.0
2.0,196.8,4739194437.2,0.9928655465950262,8280.2,0.014597712439629948,2014-03-05 17:16:32,15594599468.2
2.2,227.0,4384730705.6,0.992911808510614,8373.4,0.014192680822147497,2014-03-06 11:47:18,18122597247.8
2.2,246.2,3858823002.6,0.9929740756256574,8483.4,0.011781864070438037,2014-03-07 05:20:03,17051191492.4
2.4,287.4,3876980521.4,0.9930520793187722,8614.4,0.01153229147743147,2014-03-07 23:47:48,17892300821.4
2.6,285.4,4019111174.2,0.9931326770123846,8745.2,0.010707535176242598,2014-03-08 18:00:31,34581180092.2
2.6,292.8,3867126672.2,0.9932147718408189,8875.4,0.0105331311030433,2014-03-09 12:48:15,36712425791.8
2.4,286.2,3637066586.4,0.9932886493214157,8992.6,0.01346711609842344,2014-03-10 07:52:36,37864394118.8
2.6,283.0,3470862591.4,0.9933485540597184,9102.8,0.014096407829181673,2014-03-11 03:07:46,39674715279.6
2.4,258.4,3399584739.4,0.9934016622705206,9198.6,0.013939853697891313,2014-03-11 21:56:36,40667513032.0
2.4,219.0,3123192739.6,0.993433043438633,9274.6,0.014221938100543449,2014-03-12 16:43:18,27094262856.2
2.6,188.6,2977734317.4,0.993456244584302,9336.4,0.012117972521640038,2014-03-13 11:48:53,31080233469.2
2.6,158.2,2929198567.8,0.9934705336026386,9384.2,0.008160780101317643,2014-03-14 06:11:45,46220528148.2
2.4,137.8,2960594569.6,0.9934740309816359,9422.2,0.006574584310358407,2014-03-15 01:43:29,48073533258.0
2.8,144.4,3205407997.8,0.9934816769470837,9473.2,0.006008542258367264,2014-03-15 19:18:33,45972371855.0
2.8,198.4,3499049547.4,0.9935100441251086,9557.6,0.0057324209382503466,2014-03-16 15:49:24,45804980880.2
2.6,238.6,3869029544.8,0.9935574938661091,9670.2,0.005685923064065164,2014-03-17 12:57:15,45410816673.8
3.0,277.8,4162629630.6,0.9936213251737357,9806.4,0.005160401674404227,2014-03-18 10:07:23,28508723213.4
3.4,280.2,4247356279.6,0.9936843068791777,9941.4,0.005395197876333295,2014-03-19 10:58:25,29483219508.8
3.2,260.6,4133588453.4,0.993739148451913,10058.6,0.005373395662014545,2014-03-20 09:33:10,34706654026.6
3.2,224.8,4065798900.4,0.9937766551206492,10152.8,0.004570311998841043,2014-03-21 05:10:38,36643304310.8
3.4,191.0,3867202906.4,0.9937966176753408,10219.2,0.003866653541235811,2014-03-22 00:20:59,34389680819.0
3.4,150.8,4120366239.6,0.9938021478782009,10261.0,0.004880578198605908,2014-03-22 19:00:07,35593831712.8
3.4,165.8,4020244007.0,0.9938156969122875,10310.6,0.004377160393154842,2014-03-23 14:41:56,31705410388.8
3.4,167.6,3964654588.0,0.9938371063656943,10358.0,0.005111853595127129,2014-03-24 12:10:27,27344715015.4
3.4,160.0,3870998590.0,0.9938561314837084,10398.6,0.005515117944785587,2014-03-25 08:13:57,23552652303.4
3.4,137.0,3763394588.4,0.9938709453286856,10428.6,0.006024654592793216,2014-03-26 05:56:44,21529092276.6
3.2,133.6,3675868982.0,0.9938842723399383,10457.8,0.007429058688307089,2014-03-27 05:21:05,25459553369.4
3.0,108.2,3843868566.0,0.9938915659506188,10475.8,0.007890401420681661,2014-03-28 05:05:11,31554673407.4
2.8,129.2,3633901986.0,0.9938931272229411,10498.6,0.006887771159233438,2014-03-29 01:35:02,30765036210.0
2.8,128.6,3525719037.6,0.9938908455152978,10518.4,0.0067110878565313,2014-03-30 01:27:51,50530624706.0
2.8,153.8,3459739037.4,0.9939019177757926,10554.0,0.0063352868288767935,2014-03-30 21:43:27,63344022259.2
2.8,155.0,2987097058.8,0.9939124957919679,10588.2,0.005107380598490395,2014-04-01 00:54:48,64404034972.6
2.8,155.8,2811497060.2,0.9939264124289521,10622.0,0.004743496277637154,2014-04-02 01:07:06,70370348210.6
2.8,123.0,2807069058.0,0.99393962130193,10645.0,0.005420422364734744,2014-04-03 02:12:03,70893404364.2
2.8,116.8,2830860007.2,0.9939521511772034,10668.4,0.005543411074320808,2014-04-03 23:26:48,62610111257.2
2.8,97.6,2786440008.8,0.9939545785096777,10676.2,0.008355971797710327,2014-04-04 20:59:05,49867829229.0
2.8,96.6,2698889645.0,0.9939614348992609,10682.8,0.008614377476264267,2014-04-05 20:07:38,47663423752.2
3.0,96.2,2622746326.8,0.9939687860324353,10687.4,0.008643553422114649,2014-04-07 02:03:27,55921205668.8
3.2,91.0,2561126328.2,0.9939717599755429,10694.2,0.008198332976413926,2014-04-08 00:46:13,58467908207.0
3.2,84.8,2421619102.8,0.9939766277591907,10699.8,0.007740201035803022,2014-04-08 22:45:16,46231699722.2
3.2,77.4,2396019104.0,0.9939776409808132,10704.8,0.00519852406337897,2014-04-09 22:56:28,46639081034.4
3.4,68.0,2415965470.2,0.9939772445884214,10709.4,0.003761483035373507,2014-04-11 00:03:00,41344628001.0
3.4,60.0,2417704785.4,0.9939754344134364,10714.0,0.004066413272793434,2014-04-11 22:52:53,20523584516.2
3.6,56.2,2507304784.2,0.9939739994858993,10718.4,0.0040420140184598925,2014-04-12 23:34:47,20375088272.6
3.8,59.2,2604822007.6,0.9939715880468138,10723.0,0.007318624004579682,2014-04-13 22:11:58,20211214617.0
4.0,56.6,2520942284.4,0.9939659530814723,10727.4,0.010424223705159006,2014-04-14 20:25:05,24016901724.4
4.0,57.4,2476597147.6,0.993959215645598,10732.8,0.01091092753885193,2014-04-15 22:58:48,26361878779.6
3.8,56.4,2263017147.8,0.9939599984791594,10738.6,0.01344587381766385,2014-04-16 22:59:27,26796611889.0
3.6,57.6,2071245335.0,0.9939603817645235,10744.0,0.013154996466087105,2014-04-17 21:32:54,24295960250.8
3.4,52.2,2023223333.8,0.9939660603191918,10748.6,0.010299974075602526,2014-04-18 15:36:39,26352549262.4
3.4,53.2,1981105055.2,0.9939731058607355,10753.4,0.00663386747948271,2014-04-19 11:20:13,21718512434.4
3.4,51.2,1971050187.8,0.9939819538896322,10757.6,0.006543680867425211,2014-04-20 09:56:02,48225087293.0
3.4,56.0,2107030187.0,0.9939785937632829,10763.0,0.0040166779692476385,2014-04-21 03:07:27,51680633760.2
3.6,58.6,2065203393.2,0.9939753431867098,10768.8,0.003908907886618901,2014-04-21 22:35:01,52293917526.8
3.6,61.4,1949203397.0,0.9939676880022997,10775.0,0.004333431590462114,2014-04-22 18:21:26,62917075190.8
3.6,61.6,1978815055.2,0.993962486127157,10781.0,0.005586598768479411,2014-04-23 12:13:49,66809133245.6
3.6,64.2,1910815057.2,0.9939516936885845,10787.8,0.005040098333593812,2014-04-24 07:40:11,41482701771.2
3.8,61.0,1784605629.4,0.993947114507327,10793.4,0.00458670525746923,2014-04-25 01:27:15,40073118564.6
3.8,60.6,1744204238.0,0.9939400453330309,10799.8,0.004839302296967994,2014-04-25 19:10:18,46043043934.8
4.0,56.6,1749024236.6,0.9939369927636307,10805.2,0.004683121452896366,2014-04-26 17:10:14,36215852291.2
4.0,56.6,1671010577.2,0.9939357290990045,10810.0,0.0038865536469122374,2014-04-27 16:22:38,38806144780.6
3.8,51.6,1657010577.6,0.9939379168348068,10814.6,0.004152048029725066,2014-04-28 12:07:45,39501547696.2
3.8,52.0,1736820006.4,0.9939369816139167,10819.4,0.005394965989616286,2014-04-29 05:05:21,42899031152.0
3.6,49.4,1867060006.4,0.9939417079085967,10823.4,0.008836089239702211,2014-04-30 00:19:06,38317838586.4
3.4,48.2,1936240004.2,0.9939495601796728,10827.2,0.008955234274773672,2014-05-01 00:28:12,33969042914.4
3.4,45.8,1972280004.6,0.9939556250823743,10832.0,0.00867147327626734,2014-05-02 20:23:20,27554369200.8
3.4,48.4,1984365593.4,0.9939638490217619,10836.4,0.009712822982348757,2014-05-04 01:38:24,21279448175.2
3.4,46.6,1992365593.2,0.993972067087741,10840.2,0.01042341853098093,2014-05-05 10:44:12,53669388508.2
3.6,45.6,1932145594.8,0.9939799363638031,10843.6,0.006703321069188199,2014-05-06 15:21:09,49452429765.4
3.8,46.4,1918205597.0,0.993984926975949,10846.4,0.006406280636946491,2014-05-08 06:42:57,49314392399.0
3.6,44.2,1870185597.8,0.9939905792858704,10847.6,0.00597616601318241,2014-05-09 22:18:45,46878583853.0
3.6,42.0,1900203072.2,0.9939952111982462,10849.4,0.005555482208809128,2014-05-11 03:47:37,46688571955.2
3.6,42.2,1914203070.8,0.9940039374836231,10850.6,0.0036098375809190744,2014-05-12 07:17:59,6854788565.0
3.6,42.2,1916268692.2,0.9940097710062602,10850.6,0.003772627477657436,2014-05-13 09:04:30,8539233896.6
3.4,39.8,1840208692.8,0.9940160425025315,10850.8,0.003130908643830465,2014-05-14 11:45:14,7584067612.8
3.4,41.8,1832208690.6,0.9940208982507844,10853.2,0.0034674799939669993,2014-05-15 09:06:38,11361364982.0
3.4,40.4,1792357029.4,0.9940312873255696,10854.0,0.004063839224417325,2014-05-16 06:08:08,10658785386.4
3.2,40.2,1646390323.8,0.9940376334495135,10856.4,0.005303070265973571,2014-05-17 08:03:54,10650775973.0
3.2,38.8,1688304700.4,0.9940475228059864,10859.2,0.005072206653910127,2014-05-18 11:44:20,8207606394.2
3.4,42.0,1844306699.8,0.9940586092765666,10861.8,0.006057448890038136,2014-05-19 12:10:03,7637841312.0
3.6,40.6,2058306698.2,0.9940781464928033,10863.0,0.006842111785948947,2014-05-20 14:11:30,8239434635.8
3.6,42.4,2068055295.4,0.9940889940134312,10865.0,0.005883400897904617,2014-05-21 19:15:12,8677754365.0
3.6,41.6,2194024002.6,0.9941032282805576,10866.0,0.004528040155789434,2014-05-23 04:12:08,8223274577.0
3.6,40.8,2210023994.4,0.9941150977114974,10867.8,0.005091267342391286,2014-05-24 03:41:26,7799714242.4
3.4,38.4,2024021991.6,0.994124902717225,10870.6,0.004031122635031734,2014-05-25 04:11:32,8332453043.0
3.2,37.2,1856001993.0,0.994128855706667,10873.2,0.0030472354889973857,2014-05-26 07:37:38,4312149758.0
3.4,35.6,1786001985.8,0.9941369212981908,10875.4,0.0036318482979795716,2014-05-27 06:39:26,15799057563.0
3.4,35.4,1745999980.6,0.9941429753160541,10877.6,0.0036265864006312654,2014-05-28 04:27:56,17713840127.6
3.2,38.8,1602128398.2,0.9941481548664204,10879.6,0.0029886881892680107,2014-05-29 11:33:35,18821695798.2
3.2,40.4,1844128397.2,0.9941571130322437,10881.2,0.004689457305305867,2014-05-30 16:05:24,21965640523.4
3.4,42.0,1884228397.0,0.9941667340335535,10882.2,0.005136396507754041,2014-05-31 14:47:41,22818235151.0
3.2,42.6,2008228404.2,0.9941752471076046,10883.0,0.004524387816144356,2014-06-01 17:16:57,20557894306.2
3.2,43.2,2396278691.8,0.9941692501306877,10883.8,0.05124064200744989,2014-06-02 16:10:40,19712750953.6
3.2,41.6,2514152283.4,0.9941582948167218,10885.4,0.053110180710139274,2014-06-03 16:49:55,168851726097.8
3.2,45.6,3032270444.6,0.9941587981065011,10887.4,0.05739353143184448,2014-06-04 17:34:52,167700004824.2
2.8,45.4,3034170446.0,0.9941580906553862,10888.4,0.05700685168279568,2014-06-05 20:13:15,166571221851.2
2.8,47.0,3038270967.2,0.9941603325787776,10889.2,0.056686982736778094,2014-06-08 00:39:06,164204971901.2
2.6,46.0,2700300683.0,0.9941746451551643,10891.0,0.011169520008379475,2014-06-09 15:44:01,172148272486.0
2.4,46.2,2649698681.0,0.9941956976015229,10892.0,0.009450243353926645,2014-06-11 22:45:16,23649837041.6
2.4,43.8,1965740522.2,0.9942003417736969,10893.0,0.0035652527226672642,2014-06-13 10:36:46,23985018326.4
2.6,44.2,2066000520.2,0.9942058078609634,10895.0,0.003449313747242605,2014-06-15 00:01:02,25987889057.4
2.8,42.8,2006479999.6,0.9942051798806174,10897.4,0.003284602718021633,2014-06-17 10:55:09,21692780691.6
3.0,44.2,1938740003.4,0.9942061504338922,10899.8,0.0020418902258400482,2014-06-19 17:52:33,23148657981.6
3.2,42.4,1957500006.2,0.9942064333447004,10902.2,0.0018103065117727538,2014-06-21 06:03:32,22715796849.4
3.0,41.0,2109840005.4,0.9942108103294836,10903.8,0.002269936876186885,2014-06-22 03:56:55,26447243714.6
3.0,39.6,2173580005.8,0.994214125185198,10905.4,0.00321733378032676,2014-06-23 02:06:18,25547847676.8
2.8,38.0,2103100005.2,0.9942180439704066,10907.2,0.0031241546290544414,2014-06-24 22:37:04,22719535697.6
2.6,35.6,2090760002.6,0.9942212678766804,10908.0,0.0030120040978621346,2014-06-26 10:53:04,12054737572.2
2.4,36.4,2082600000.0,0.9942241607586471,10908.8,0.00315850995185375,2014-06-27 11:59:28,10893724502.2
2.6,34.8,1884102002.4,0.9942231158018334,10910.4,0.0028655943891538103,2014-06-28 10:06:26,4577410360.0
2.6,35.2,1668203337.6,0.9942194037110245,10912.6,0.002032298521582359,2014-06-29 11:38:21,22921582877.4
2.8,37.2,2000363337.2,0.9942175575419743,10915.6,0.003409898842608109,2014-06-30 10:15:35,22779843860.6
3.0,39.0,2126502610.0,0.9942183701940085,10918.2,0.003919673893160685,2014-07-01 14:18:40,22358625548.8
3.2,40.0,2156717242.0,0.9942258254843471,10920.2,0.0040972224587271355,2014-07-03 07:39:55,23329725424.4
3.2,40.0,2396795239.4,0.9942372641906164,10921.6,0.004324949131107753,2014-07-04 17:45:34,23120721680.2
3.4,39.2,2620773906.0,0.9942511608737223,10922.2,0.005619862137564855,2014-07-06 17:00:33,3167438848.0
3.2,38.6,2712513904.2,0.9942663270634388,10921.4,0.006194459916692903,2014-07-08 01:21:22,3535817490.0
3.2,37.4,2624374634.0,0.9942789498085258,10921.2,0.005703402693011919,2014-07-09 14:13:09,3729844011.2
3.4,37.4,2654162003.2,0.9942731288507897,10921.8,0.02759453977488869,2014-07-12 21:16:27,2001589523345.4
3.6,37.4,2384082007.4,0.9942610278596884,10924.8,0.027218099763797937,2014-07-15 08:24:07,2002434796710.0
3.6,39.4,2228002007.6,0.994247980669124,10929.4,0.02836474225804727,2014-07-17 14:14:51,2002626728621.4
3.6,40.8,1924009121.4,0.9942326079246853,10934.4,0.02657342605110872,2014-07-18 08:42:20,2003154115652.6
3.6,43.0,1920009120.2,0.9942185569191556,10939.8,0.031926439371097445,2014-07-20 14:39:07,2003234827655.6
3.4,42.6,1930007122.6,0.9942185740938406,10945.2,0.00977896353759879,2014-07-22 14:35:36,5193248438.8
3.2,42.2,1952007123.0,0.9942201075051553,10948.6,0.010464058339586814,2014-07-25 06:15:07,4605946360.8
3.0,39.2,1874007123.2,0.9942218683687534,10950.6,0.007668516971345072,2014-07-27 18:28:28,4201875142.0
2.8,37.6,1864000011.8,0.9942245517941588,10952.8,0.007530637072034893,2014-07-29 15:19:17,3123876552.8
2.6,36.0,1880200013.6,0.9942265782678481,10954.4,0.0021821211405331103,2014-07-31 06:57:51,3873524882.8
2.2,35.0,2004292049.8,0.9942295291203983,10956.0,0.016388595392615952,2014-08-02 05:28:30,165263146644.8
2.0,34.8,2084292048.4,0.9942372302971899,10957.2,0.017422876506211913,2014-08-05 01:10:25,166531458967.6
1.8,35.4,2102318850.2,0.9942460075965155,10958.6,0.017584456771055072,2014-08-06 13:50:40,167722836547.4
1.8,40.2,1976322805.8,0.9942492027648987,10965.6,0.01756962585578683,2014-08-08 04:08:12,169526445954.0
2.0,40.4,1912122804.2,0.994252144654566,10975.2,0.017556379648393336,2014-08-10 01:52:49,169385088210.2
2.4,40.4,1730030765.8,0.9942546544027915,10984.6,0.0035216132259996424,2014-08-11 00:31:17,8194850684.0
2.2,40.0,1792030764.6,0.994251198742352,10994.0,0.002854839893101692,2014-08-12 04:23:24,7927007954.6
2.0,39.2,1818003962.8,0.9942470706555291,11003.2,0.002901427164649724,2014-08-13 05:58:20,7671579889.2
2.0,32.0,1998000005.8,0.99424724581792,11006.8,0.0029969774311604087,2014-08-14 12:01:44,6296415261.2
1.8,31.2,2250000002.4,0.9942503881797278,11007.8,0.010340152262139838,2014-08-16 19:53:28,8213108147.0
1.4,30.6,2204000000.2,0.9942342598133047,11009.6,0.09114647638827957,2014-08-18 03:14:29,7658854675.0
1.6,29.8,2879999972.0,0.9942159293127535,11011.4,0.23616922272632118,2014-08-21 16:17:48,6553376340.0
1.8,28.6,5387999908.4,0.9942024599110205,11013.2,0.23935473650329628,2014-08-24 05:53:54,6689940906.8
1.8,28.6,6993999837.0,0.9941961847746501,11015.0,0.26362557433138994,2014-08-26 07:27:45,6373476435.4
1.8,25.4,6688014015.6,0.9941843322645074,11016.6,0.2660168603871112,2014-08-28 15:49:34,3715255171.8
2.0,24.2,6778014014.8,0.9941928571131549,11017.2,0.19125589720764768,2014-08-29 22:17:00,3105910071.2
2.2,23.8,6078014042.6,0.9942063211654014,11017.8,0.04508255700219412,2014-08-31 02:05:37,3478033998.2
2.2,34.4,3522014328.2,0.9942011617569431,11028.0,0.09017089624121985,2014-09-01 13:29:09,3406112129348.2
2.2,34.2,1904034399.6,0.9941993137420451,11038.4,0.0803317160227519,2014-09-03 04:15:47,3409593982155.2
2.4,33.8,2230020222.6,0.9942046782062691,11048.8,0.07087164978506333,2014-09-04 14:49:01,3412053286934.8
2.4,33.6,2212020223.4,0.9942096066283199,11059.4,0.06510325018844625,2014-09-09 02:19:28,3413811277094.4
2.2,33.0,2164020422.6,0.9942127320400603,11069.8,0.06648509838097114,2014-09-10 15:37:13,3416933924586.2
2.2,22.6,2404040198.4,0.9942294690921024,11071.2,0.018262396000120234,2014-09-15 09:37:17,26571417835.6
2.2,21.8,2274020197.8,0.9942360904914974,11072.4,0.0038030819911083757,2014-09-17 10:17:34,32986452455.8
1.8,24.2,2114020198.0,0.9942316563235789,11073.6,0.006637685387249839,2014-09-19 06:36:40,35474982606.6
1.6,22.8,2030020198.2,0.9942273896341088,11074.8,0.006439098851605034,2014-09-22 12:54:44,33670898037.4
1.6,22.0,1924019997.6,0.9942221027925333,11076.4,0.005110036115825825,2014-09-25 19:28:29,30404685038.2
1.4,22.4,1827999998.2,0.9942096473818636,11077.8,0.010240206439354315,2014-09-26 17:50:43,20525937993.0
1.4,25.4,2124067579.0,0.9942030161595298,11079.2,0.012030855202383346,2014-09-27 15:47:52,12595851612.8
1.4,24.0,2196067578.2,0.9942038039490709,11081.2,0.00909490959523693,2014-09-29 08:55:05,7879494091.0
1.6,24.2,2460067578.2,0.9942078187635497,11082.4,0.00916023063818623,2014-10-10 03:33:13,7573612508.4
1.6,23.6,2406067578.8,0.9942128707430248,11083.2,0.009025161286378366,2014-10-13 09:39:54,7004385162.0
1.8,21.4,2154067578.8,0.994226743427911,11083.6,0.004017476487990834,2014-10-15 14:17:56,3331851895.8
1.8,17.0,1719999998.8,0.9942337787151416,11083.8,0.0021821400183459653,2014-10-16 07:48:07,1228147167.2
1.8,15.2,1419999999.6,0.9942428959812005,11083.4,0.002210439310902532,2014-10-17 08:50:27,832037710.0
1.8,14.0,1013999999.6,0.9942464128000287,11083.6,0.00195985654298132,2014-10-18 03:03:09,637006865.8
1.8,13.8,973999999.8,0.9942511554461481,11083.8,0.002106786532041058,2014-10-18 20:04:10,678191693.6
1.8,13.8,1009999998.8,0.9942557013974394,11084.0,0.004380759549434834,2014-10-19 13:01:40,753733123.2
1.6,13.2,991999997.6,0.9942463582547761,11084.4,0.015275756155954872,2014-10-20 05:51:57,87299209315.2
1.6,12.6,993999997.0,0.9942354754102407,11084.8,0.016134060353295142,2014-10-21 04:55:34,87139209315.2
1.4,12.4,2203999996.6,0.994230760662522,11085.4,0.017685545741820748,2014-10-21 22:01:32,87217405771.6
1.2,11.8,2221999995.4,0.9942266479589261,11086.0,0.018689314833550685,2014-10-22 16:02:17,87278431548.6
1.0,10.8,2117999994.6,0.994221455036935,11086.6,0.016235685197270755,2014-10-23 09:35:44,87269586064.4
1.0,11.4,2047999994.4,0.9942068484438783,11087.4,0.0379016652039423,2014-10-24 02:40:25,701836185.4
1.0,12.4,1963999994.0,0.9941843799054741,11088.8,0.04590864418723033,2014-10-24 19:59:40,958559571.0
1.2,13.4,889999994.4,0.9941568999883426,11090.4,0.061339883570321864,2014-10-25 13:35:33,955068638.2
1.2,14.0,767999996.4,0.9941292854593609,11092.4,0.062037675121185396,2014-10-26 09:11:45,917373801.6
1.2,14.0,725999997.2,0.9941008729457785,11094.6,0.0801487163093954,2014-10-27 06:42:09,4963216503.4
1.2,15.0,717999999.6,0.9940935792564005,11097.6,0.04854653043184282,2014-10-27 23:57:47,22469385883.8
1.4,17.0,792000001.4,0.994078916634134,11103.0,0.041631418758224306,2014-10-28 17:15:00,104916703376.6
1.2,16.2,588000002.2,0.9940650940579676,11108.2,0.026495039030778433,2014-10-29 11:06:55,104986823223.8
1.2,16.0,571999999.4,0.9940411226837572,11112.8,0.038476060668364356,2014-10-30 20:27:56,1209630963680.8
1.2,15.4,466000000.6,0.9940127648429312,11117.4,0.02170180988115018,2014-10-31 13:08:55,1337836786548.0
1.2,13.4,439999998.2,0.9939889363533918,11120.6,0.026210890095271378,2014-11-01 06:13:58,1320547835756.8
1.0,9.8,255999997.6,0.9939805492424666,11121.0,0.02413069974375249,2014-11-01 23:25:07,1238044580229.0
1.0,9.6,199999993.8,0.9939596613799369,11122.0,0.027825053282584618,2014-11-02 16:44:03,1301816017654.8
1.0,9.8,139999995.8,0.993944436826661,11124.2,0.016232242490030052,2014-11-03 09:28:40,248076091254.4
1.0,10.0,221999993.0,0.993935080749124,11126.2,0.018903545126099958,2014-11-04 02:45:20,115914427365.4
1.0,10.0,217999991.2,0.9939251565114539,11128.6,0.01588489976753616,2014-11-04 20:02:46,115757824144.4
1.0,10.2,973999956.8,0.9939152722405783,11130.8,0.01944163437846595,2014-11-05 12:59:22,115662611684.4
1.0,9.8,1445999924.4,0.9939104297078358,11132.4,0.019201189438237436,2014-11-06 05:51:11,475913549392.8
1.0,9.4,1537999922.8,0.993899012889851,11133.4,0.02425454995141616,2014-11-06 22:57:43,1147786193860.4
1.2,11.4,3461999796.2,0.993874597914628,11135.4,0.02282381915228366,2014-11-07 16:00:58,1413189039304.4
1.2,12.6,3489999800.4,0.9938419540070406,11137.4,0.02766385221613941,2014-11-08 08:54:55,1413644116703.2
1.2,14.2,2751999836.0,0.9938112829229204,11139.4,0.03536713293259928,2014-11-09 08:42:05,1413749054975.8
1.2,14.8,2253999871.6,0.9937871895915424,11141.0,0.03475268134431304,2014-11-10 01:52:19,989634065604.4
1.2,15.2,2195999874.0,0.9937677090093177,11142.6,0.031626503047695625,2014-11-10 19:12:52,285919460708.2
1.0,13.4,196000004.0,0.9937622002617221,11143.4,0.02999973503392598,2014-11-11 12:11:01,20818786885.8
1.0,13.6,140000003.8,0.993766241284072,11144.0,0.02900253922820565,2014-11-12 05:03:58,20422015226.4
1.0,17.0,274000002.6,0.9937572419895002,11145.4,0.08927833952666533,2014-11-12 22:30:03,1107663843210.0
1.0,19.4,636000003.6,0.9937391762269605,11147.6,0.21020271269161653,2014-11-13 15:06:53,1160572650194.8
1.0,21.2,756000003.4,0.9937277161687994,11149.8,0.25603697784471224,2014-11-14 09:37:04,1147767379950.2
1.0,21.8,830000002.6,0.9937033337070476,11152.0,0.2786276163083872,2014-11-15 04:06:33,1772768971905.2
1.0,20.4,902000003.4,0.9936767093551765,11154.2,0.2724004208438674,2014-11-15 22:45:41,1772668702573.4
1.0,16.0,866000003.6,0.9936548549075367,11155.8,0.20235725287047152,2014-11-16 17:29:16,685362705847.8
1.2,13.4,558000003.2,0.9936268371311836,11157.0,0.08092700558071016,2014-11-17 11:14:28,1076825209900.4
1.4,11.6,570000003.6,0.9936001091619204,11158.0,0.031003663807228975,2014-11-18 04:34:08,1070496118032.4
1.6,10.6,552000004.2,0.9935841019203628,11158.8,0.007345209985787121,2014-11-18 22:13:18,445028544384.2
1.8,11.0,840000003.4,0.9935677221952568,11159.2,0.007477361449484252,2014-11-19 17:42:13,451243881830.8
2.0,11.4,876000002.8,0.993557182924668,11159.6,0.005914664168463835,2014-11-20 11:18:19,451315974372.8
2.0,11.2,1362000002.0,0.993564045746836,11159.6,0.0018543098849800946,2014-11-21 06:22:15,6849724595.0
2.0,11.8,1336000001.2,0.9935781724813522,11159.4,0.023142252489256752,2014-11-22 02:39:07,6941333547.0
2.0,12.4,1434000000.8,0.9935936976920938,11159.2,0.023240502747285976,2014-11-22 20:42:38,6967013378.2
2.0,12.6,1360000000.2,0.9935925929953328,11159.6,0.03561094421453247,2014-11-23 16:33:03,566432600.6
2.0,11.6,1428000000.0,0.9935905580247084,11159.8,0.03561607456467188,2014-11-24 13:02:37,348037637.4
2.0,11.0,1062000000.6,0.9935866082196382,11160.2,0.035499682734294824,2014-11-25 08:49:03,550232977.4
2.0,9.8,1102000000.8,0.9935742023939147,11160.6,0.014243092200835781,2014-11-26 06:20:22,448427346.6
2.0,9.6,1092000001.2,0.9935601059921364,11161.0,0.014209494295918787,2014-11-27 01:21:14,572242106.2
2.0,10.0,1122000001.0,0.9935638471212425,11161.2,0.0029287712803004852,2014-11-27 19:19:56,781938066.0
2.0,10.6,1082000002.6,0.9935656547366802,11161.2,0.005823307506648111,2014-11-28 15:20:31,851677844.8
2.0,11.6,1164000002.2,0.9935674557923827,11161.2,0.006032363017898149,2014-11-29 15:21:42,701482504.8
2.0,11.6,1130000001.4,0.9935682734680578,11161.2,0.006014940416409079,2014-11-30 10:17:46,789492291.8
2.0,12.2,1154000001.4,0.9935648196829364,11161.2,0.007021613462282817,2014-12-01 03:37:43,100602230929.2
2.0,11.2,1126000001.6,0.9935625080876983,11161.0,0.005838736797763,2014-12-01 22:53:53,103712614969.4
2.0,11.0,1056000001.8,0.9935614716883,11161.0,0.002871467339617382,2014-12-02 16:44:09,103666454624.6
2.0,11.2,1316000001.8,0.9935617629124206,11161.0,0.0027811425693773156,2014-12-03 13:17:02,103653194632.6
2.0,12.4,1316000003.0,0.99355891513285,11161.0,0.0056081034540950685,2014-12-04 07:37:45,103577641892.6
2.0,12.2,1532000004.0,0.993563651285401,11161.2,0.004643238150351519,2014-12-05 15:55:30,3608151101.4
2.0,12.4,1432000006.0,0.9935664434923593,11161.4,0.004535953876028138,2014-12-06 15:10:24,306871041.6
2.0,13.6,1610000005.4,0.9935682013764324,11161.8,0.004885124238798152,2014-12-07 10:50:28,1810863639.6
1.8,15.6,1378156967.6,0.9935669698762835,11162.8,0.004713460013945997,2014-12-08 08:54:44,2690757383.4
1.8,15.2,1510156968.4,0.9935707722674106,11164.0,0.0028488898870383146,2014-12-09 22:04:30,2770527627.2
1.8,14.8,1238156968.4,0.9935716232980818,11165.0,0.0027849338904089374,2014-12-11 04:54:35,2753123588.4
1.8,14.4,1358156967.4,0.9935738202706268,11166.0,0.0028340115801715644,2014-12-11 23:36:00,3477351324.6
1.8,16.2,1312156968.6,0.9935784020866736,11168.6,0.002480667689194093,2014-12-12 19:51:01,3034421974.4
1.8,21.0,1336000009.2,0.9935811402877837,11176.8,0.0025853768505312465,2014-12-14 00:30:22,3893783870.4
1.8,22.4,1292000009.0,0.9935829729718215,11186.6,0.0015369165394067306,2014-12-16 19:14:06,4191340584.0
1.8,24.4,1328000006.8,0.9935828607438759,11197.8,0.0034366976596806272,2014-12-19 01:52:09,4447790799.4
1.8,25.8,1230000005.8,0.9935817392493878,11209.6,0.0034438023214625746,2014-12-19 19:15:14,3882678106.6
1.8,24.8,1198000004.6,0.9935805516735489,11221.4,0.0035490509276388193,2014-12-20 16:33:26,3094042360.4
2.0,20.2,1056000003.0,0.9935812652410385,11229.8,0.00345303217138941,2014-12-21 11:59:30,1880442722.8
2.0,26.8,1068000003.4,0.993577800345423,11243.8,0.0034844381918612186,2014-12-22 08:32:20,3079595592.0
1.8,26.0,1204000005.6,0.9935786221652769,11256.8,0.0016473778224459796,2014-12-23 03:11:24,2877566165.4
1.6,28.4,1370000006.4,0.9935783988169705,11270.8,0.001630318360311734,2014-12-26 01:30:42,3365179976.8
1.6,31.6,1456000006.4,0.9935781437884394,11286.6,0.0026710301341706043,2014-12-30 11:45:45,5791715774.2
1.4,34.6,1554000006.6,0.9935769079979357,11302.8,0.005279813124545573,2015-01-03 03:53:48,14827211977.8
1.2,35.8,1564960005.0,0.9935767124413225,11319.6,0.0053664650458055945,2015-01-05 15:46:15,15523014118.8
1.4,38.0,1627160004.2,0.9935744635564386,11338.2,0.005286035479815786,2015-01-10 07:24:42,18628425971.8
1.4,35.4,1543760006.0,0.9935717150901129,11355.4,0.005341538336063951,2015-01-13 21:57:58,18144076380.2
1.2,31.2,1573960005.2,0.9935694095032277,11369.2,0.0044764899855255945,2015-01-21 16:34:04,15599081879.4
1.2,26.2,1585960004.4,0.9935678668980767,11379.8,0.002052557767266929,2015-01-23 15:02:10,33004901970.6
1.4,16.8,1647000004.8,0.9935675194470137,11382.4,0.001899825408273604,2015-01-24 14:59:34,30743118658.6
1.4,14.2,1762800004.8,0.9935695668296427,11383.0,0.0024620965102812344,2015-01-25 18:26:23,41947194462.0
1.6,14.0,1762532003.6,0.9935736227422349,11383.2,0.0023422609991258204,2015-01-26 11:32:18,44365844087.2
1.6,13.4,1726464004.6,0.9935781280956771,11383.2,0.00304813493154041,2015-01-27 06:31:06,44213746182.8
1.8,14.0,1802596005.2,0.9935811522849406,11383.8,0.0029322838349862207,2015-01-28 06:18:31,35454128363.2
1.6,14.0,1740596005.8,0.9935858551981305,11384.2,0.00300984162232806,2015-01-29 08:07:25,43118611170.0
1.6,14.0,1576596005.6,0.9935910730570379,11384.2,0.0025496867677797623,2015-01-30 12:36:00,30496079415.0
1.4,13.6,1560396005.4,0.9935955861623444,11384.4,0.0026185894690585972,2015-01-31 10:27:35,30422425611.2
1.4,13.4,1580264004.4,0.9936001344978939,11384.8,0.0017486274226702334,2015-02-02 10:14:33,33883429389.2
1.2,12.6,1436132005.0,0.9936057549713826,11384.6,0.0016162222387786252,2015-02-03 23:03:38,22582832760.4
1.2,12.6,1470132005.6,0.9936132893683581,11384.8,0.001643154005967146,2015-02-05 21:12:49,16600241425.2
1.2,12.2,1472132002.8,0.9936189859881897,11385.6,0.0016021606269724937,2015-02-07 08:33:09,15805395310.4
1.2,12.0,1468000004.6,0.993625962222489,11386.4,0.001614951994560354,2015-02-09 06:13:57,13291032853.8
1.4,11.6,1382000005.0,0.993632672847881,11387.0,0.001507147437871789,2015-02-12 06:23:53,16027175717.8
1.6,11.8,1292000004.2,0.9936389142608417,11387.8,0.0036210385432080524,2015-02-14 17:10:02,23513470713.6
1.8,11.8,1150000004.4,0.9936422861946138,11388.2,0.0034542062790333975,2015-02-16 01:23:00,33662748152.2
1.8,11.8,1056000007.2,0.9936455008951658,11388.2,0.003366498833256197,2015-02-16 18:38:28,34319292196.6
2.0,12.4,970000006.0,0.9936497978464829,11388.6,0.003260450759363634,2015-02-17 13:25:31,39431884929.4
2.0,13.6,1064200007.0,0.9936526647943944,11389.2,0.005795737580445576,2015-02-18 13:08:14,312782028006.0
2.0,13.4,1058600008.0,0.9936564061097994,11389.6,0.0052280699106277435,2015-02-19 21:31:25,300784435153.4
2.0,14.8,1228732006.4,0.9936616196882353,11390.2,0.005456298273129932,2015-02-21 15:17:42,290283312450.0
1.8,14.8,1290732007.2,0.9936620131585535,11390.8,0.0074024176641941455,2015-02-22 17:13:25,289125596385.8
1.6,14.0,1388864008.0,0.993660492623483,11391.2,0.007313952002020102,2015-02-24 04:39:25,283967780224.6
1.6,13.0,1340796007.2,0.9936604301212615,11391.4,0.004709140902523373,2015-02-25 06:28:55,6779000178.2
1.6,12.0,1448596007.2,0.9936609220763281,11391.8,0.0030842468257920837,2015-02-26 10:46:45,6366028434.8
1.6,10.8,1484464009.8,0.9936597304098257,11392.0,0.004831924357921749,2015-02-27 10:01:48,5323054221.6
1.8,10.4,1586464010.8,0.993662009989416,11392.2,0.0029460080991492196,2015-02-28 16:48:16,4892710975.8
2.0,10.4,1596332008.0,0.9936647154086925,11392.4,0.003071284666748513,2015-03-02 16:40:29,4886121836.0
2.0,10.2,1498200008.8,0.9936673859925721,11392.6,0.0029942125854936835,2015-03-05 02:56:12,11361103289.6
2.0,12.8,1630000009.0,0.9936676648950282,11395.2,0.0030166292721473306,2015-03-06 15:18:15,11183875033.2
2.0,14.2,1757200004.2,0.9936608577367666,11399.8,0.009687466702283988,2015-03-07 08:29:43,11161847337.0
2.0,15.0,1713600000.2,0.9936600609124862,11404.4,0.010235071982080783,2015-03-08 18:18:41,11270981457.0
1.8,15.2,1676600001.4,0.9936629111986646,11408.6,0.01056348881502726,2015-03-10 03:27:39,11390981457.0
1.6,15.6,1813400400.4,0.9936656743886679,11413.0,0.010743675894012452,2015-03-11 20:45:53,3132000003.4
1.6,13.8,1723600598.6,0.9936704547939336,11415.4,0.010779152441005621,2015-03-13 01:42:25,4570377380.2
1.4,11.8,1454400601.8,0.9936884966646661,11415.8,0.002865341773992537,2015-03-14 20:07:44,4242377380.2
1.2,10.6,1392123758.6,0.993701216400926,11416.2,0.0022399772305881625,2015-03-16 08:19:47,4082377376.8
1.4,10.0,1379323760.4,0.9937072323027747,11416.6,0.005708045146834615,2015-03-17 10:39:41,434941835764.2
1.4,9.8,1302523562.0,0.9937129116726886,11416.8,0.005711405879517632,2015-03-19 09:04:12,435181835764.2
1.2,8.4,1088323563.6,0.9937193696338691,11416.4,0.005495089054820524,2015-03-20 17:01:30,431859458387.4
1.4,8.6,1176323563.8,0.9937194328189604,11416.2,0.004912865376174312,2015-03-22 03:29:45,435301458387.4
1.6,9.2,1196332610.0,0.9937198525100269,11416.0,0.004868582900492774,2015-03-22 21:05:01,450055590587.4
1.6,9.8,1264132607.2,0.9937216908342513,11416.2,0.0011043902232295664,2015-03-23 23:12:21,26370132199.8
1.8,10.8,1398397405.0,0.9937228640797944,11417.0,0.0015188510031926181,2015-03-24 18:20:49,27102657302.6
2.0,12.8,1610661205.8,0.9937232473255865,11418.6,0.0018309007671946653,2015-03-26 00:26:13,29596315520.6
1.8,13.0,1488793408.0,0.993723065985445,11420.4,0.0017706628418050854,2015-03-27 02:35:32,26274315520.6
1.6,13.0,1368661408.6,0.9937227118380314,11422.2,0.0018551706329085753,2015-03-28 01:05:10,11520183320.6
1.6,14.0,1500861410.8,0.9937248533649651,11424.2,0.0019200107181497911,2015-03-29 00:40:54,4866183320.8
1.6,15.0,1508596410.0,0.9937274292276367,11426.4,0.0015716211655651309,2015-03-30 02:44:37,3267658218.2
1.4,15.6,1486612406.6,0.9937272517506068,11428.2,0.0032533276326684344,2015-03-31 10:36:45,109474232217.6
1.6,16.0,1692480403.6,0.9937303895027083,11429.8,0.0035604520368386398,2015-04-01 23:22:59,112841655722.0
1.6,16.6,1840540402.2,0.993736558855535,11431.4,0.0036605651191518075,2015-04-02 21:24:27,114163001561.4
1.6,15.4,1540340400.6,0.9937389664893098,11432.8,0.004366898189778793,2015-04-03 21:42:41,113540161561.4
1.4,13.6,1416340602.6,0.9937432555063405,11433.4,0.0041781779505019835,2015-04-05 06:15:23,113843761561.2
1.4,11.8,1370060603.4,0.9937490187895428,11433.6,0.0023359200577407696,2015-04-06 01:47:51,6852279733.0
1.2,12.6,1546260604.0,0.9937506270489832,11434.2,0.005628812992953718,2015-04-07 01:24:51,3865856228.6
1.2,12.4,1504200604.6,0.9937504805957754,11434.8,0.005624081391482164,2015-04-07 22:38:50,2545310389.2
1.2,12.6,1546200605.4,0.9937521440687063,11435.0,0.004765370867752904,2015-04-09 04:09:09,2529750389.2
1.2,12.2,1478201205.4,0.9937510965783911,11435.4,0.0048000223080045396,2015-04-10 00:35:43,2299550389.8
1.4,12.2,1658201404.6,0.9937541348148976,11436.0,0.004958429260683227,2015-04-11 14:39:39,2666996191.2
1.6,11.0,1416001403.8,0.9937588762673052,11436.8,0.0014381846966577266,2015-04-12 10:21:49,2205996191.2
1.8,11.0,1574001205.6,0.9937631830000473,11437.8,0.0013670927168583907,2015-04-14 01:40:22,3255701735.8
1.8,11.8,1634001205.2,0.9937669420200097,11439.0,0.0013702960382398232,2015-04-15 03:02:43,3334101735.8
1.8,12.6,1744000604.8,0.9937731381779468,11440.0,0.0014794390826672527,2015-04-16 13:17:58,3446701735.2
1.8,13.8,1612000408.0,0.9937759605173186,11440.8,0.0013725144143043346,2015-04-17 08:06:10,2707170772.4
1.8,14.0,1574000408.2,0.9937803056836569,11441.0,0.0014273778787864976,2015-04-18 06:29:55,6030125530.6
1.8,14.4,1398000406.4,0.9937810193136567,11441.2,0.0015670981789735084,2015-04-19 04:16:28,5611998152.2
1.6,13.8,1342000409.8,0.9937828871673128,11441.4,0.0015483357829104549,2015-04-19 22:38:48,9001521090.4
1.6,14.0,1310000211.6,0.993780799156912,11441.6,0.0031692592552981604,2015-04-21 06:26:49,16615360873.2
1.6,13.0,1372000408.4,0.9937815037919107,11441.8,0.003264089995961864,2015-04-22 01:40:42,16078695645.4
1.6,12.8,1334000208.8,0.9937815141297097,11442.4,0.004913040957038033,2015-04-23 00:20:40,14350465793.8
1.6,12.4,1422010703.6,0.9937853293269103,11442.2,0.004743948857643273,2015-04-23 22:19:53,14309717349.6
1.6,12.0,1500010899.6,0.9937902289026992,11442.2,0.004858851255750287,2015-04-24 20:07:39,12547808567.2
1.6,12.0,1390010897.4,0.9937965479054945,11442.2,0.00309899105301013,2015-04-26 01:52:55,7680103719.0
1.6,12.8,1394036022.2,0.9938032602847793,11442.2,0.0030283118399265685,2015-04-27 08:45:22,7477044317.4
1.6,13.0,1474036221.6,0.9938098204817708,11441.6,0.0012855017985159336,2015-04-28 10:00:51,8060207480.4
1.6,13.0,1386025926.0,0.993815403899249,11441.6,0.0012735072611570546,2015-04-29 11:12:23,8025098103.0
1.6,13.6,1372026726.8,0.9938189862062801,11441.4,0.001285769237663532,2015-04-30 16:19:39,10056989732.8
1.8,12.8,1436026726.8,0.9938231473633937,11441.2,0.0013352861650425788,2015-05-01 14:43:40,9928830261.0
1.6,12.6,1460001405.0,0.9938258344729626,11441.2,0.001393300225043699,2015-05-02 15:40:23,9910945719.6
1.6,12.6,1494021206.8,0.9938289899625522,11441.0,0.0013739235896275378,2015-05-03 12:18:29,7693057650.0
1.4,13.0,1520021007.8,0.9938310616306294,11441.0,0.0013887397099590735,2015-05-05 18:52:32,8596537305.4
1.6,13.6,1506021007.8,0.9938344093207316,11441.2,0.0012822607027705118,2015-05-08 13:49:12,12445031519.8
1.6,13.8,1538021007.2,0.9938389258803774,11441.4,0.0012970692047279645,2015-05-09 18:11:54,26249056056.8
1.8,12.6,1358021805.4,0.9938439334375714,11441.4,0.0011180686145211595,2015-05-11 14:17:05,31011714053.4
1.8,12.8,1350001803.0,0.9938482716458733,11441.8,0.001084973722626313,2015-05-12 10:07:16,33844861874.2
2.0,12.4,1350002601.6,0.9938537295220975,11442.0,0.0010419820399805164,2015-05-13 14:03:57,32680772868.8
2.0,12.0,1456001600.4,0.9938610691585426,11441.8,0.0010882816834517331,2015-05-15 09:53:58,26602703091.8
2.0,12.0,1436001601.4,0.9938641290291906,11441.8,0.0012108306160293473,2015-05-17 14:36:04,30060703092.0
2.0,14.0,1620001000.6,0.9938584752829318,11442.4,0.003409681210783759,2015-05-19 00:19:44,266431647045.0
2.0,14.0,1522001000.8,0.9938465126942425,11443.2,0.004125454283489443,2015-05-20 19:07:50,266807438321.0
1.8,13.4,1464000201.0,0.9938363089588617,11444.0,0.004113708686575205,2015-05-22 20:08:07,268837927668.0
1.6,12.6,1386000401.6,0.9938183244206868,11445.2,0.004598568005538861,2015-05-23 23:06:31,338475534604.8
1.6,13.0,1426000601.4,0.9938069694576706,11446.0,0.004593374560066659,2015-05-24 19:22:08,322294426283.0
1.4,11.4,1300000401.8,0.9938030336359545,11446.2,0.0024866141604072698,2015-05-25 18:43:19,82507401148.6
1.2,10.6,1350000401.8,0.9938067058715729,11446.2,0.0018574932682468848,2015-05-27 13:11:41,82389683974.8
1.2,13.2,1346000401.4,0.9937931879069941,11448.0,0.014281193189364499,2015-05-28 22:48:59,1542572470919.4
1.4,15.0,1402001201.6,0.9937874389349799,11451.6,0.013863095844266773,2015-05-30 08:00:59,1474838601389.6
1.2,14.6,1362001001.6,0.9937769904793756,11455.4,0.013719089753291286,2015-05-31 10:46:07,1472657499761.0
1.4,15.2,1322061000.8,0.99376791517802,11458.8,0.013742259933500898,2015-06-02 07:40:38,1474911541211.8
1.6,15.8,1448061001.6,0.9937607035607761,11462.0,0.014130630733450575,2015-06-03 15:52:30,1475836359651.8
1.8,13.4,1568061001.8,0.9937698213838624,11463.4,0.0017841929603000018,2015-06-05 04:11:34,17627693024.0
1.6,12.2,1516060001.8,0.99377663231483,11463.0,0.0017395971489317832,2015-06-06 17:32:09,16917968413.4
1.8,12.8,1676060802.0,0.9937845866596338,11462.8,0.0017811617340634232,2015-06-08 03:45:56,18173403855.4
1.8,12.4,1776000802.6,0.9937917302556659,11463.0,0.0017928890748238092,2015-06-09 22:53:47,16369747973.6
1.8,12.6,1660000802.0,0.9937960344912016,11463.6,0.001399433471995683,2015-06-12 07:10:01,19674608378.2
1.8,12.8,1586001603.4,0.9937976947094043,11464.2,0.0013558547482237398,2015-06-14 08:19:01,21235121289.0
2.0,12.2,1632001605.8,0.9937990866847318,11464.6,0.0012257476935465545,2015-06-15 22:49:36,24474205121.0
2.0,11.6,1634001206.2,0.9938016298338909,11464.8,0.0012049032026023984,2015-06-17 09:38:45,27939812639.8
2.0,11.6,1466001207.2,0.9938031042833083,11465.0,0.001089821698147369,2015-06-18 16:14:42,34185137358.8
2.0,11.0,1450001207.4,0.9938046464471799,11465.2,0.0010619535320046138,2015-06-19 21:54:03,31365084942.8
2.0,10.6,1468000406.8,0.9938103481585225,11465.2,0.0012627639238279229,2015-06-21 08:20:55,30915669070.2
2.0,10.8,1448000404.8,0.9938164089062045,11465.6,0.0014029482345284485,2015-06-22 11:06:55,29914722661.2
2.0,10.4,1320000004.4,0.9938214929081912,11466.0,0.0013589616181586513,2015-06-23 14:20:44,31412389762.8
2.0,10.8,1448000003.2,0.9938276643157178,11466.4,0.0014170654045611035,2015-06-25 05:34:06,35422449817.8
2.0,10.6,1260000003.8,0.9938308125461303,11466.8,0.0012872421602492803,2015-06-26 17:47:36,36056606436.8
2.0,11.0,1250000002.6,0.9938393840296083,11467.2,0.0022783229825202055,2015-06-28 19:45:12,40369355457.0
2.0,11.6,1216001316.4,0.9938478355433574,11467.2,0.0022032862137401693,2015-06-29 17:13:12,39591888128.0
1.8,12.0,1114001517.0,0.9938565807103436,11467.2,0.0021473845691660437,2015-07-01 03:47:26,41098207511.8
1.6,11.2,1186001518.6,0.9938659079033106,11467.2,0.0020405155993486147,2015-07-02 02:54:52,33789890220.4
1.4,11.2,1286001718.6,0.9938780196448374,11467.0,0.00205797543870721,2015-07-02 23:38:54,40129995555.4
1.2,10.6,1254001719.8,0.9938812980752184,11467.2,0.0008491985950020849,2015-07-03 20:18:31,33031129654.2
1.2,9.8,1404000406.6,0.9938834940893608,11467.4,0.0008489757508381424,2015-07-04 21:19:29,33225809709.8
1.2,9.6,1598000206.0,0.993885395179561,11467.8,0.000932869120754095,2015-07-05 17:40:29,25785733460.2
1.2,10.2,1658000205.4,0.9938876102668258,11468.2,0.0010074710851929148,2015-07-06 16:36:10,21912732415.6
1.6,10.4,1866000004.2,0.9938908953448653,11468.6,0.001134825461092999,2015-07-08 04:53:39,11314353599.6
2.0,11.8,1838000001.8,0.9938899802748619,11469.4,0.0010942307208923062,2015-07-10 06:11:52,9801400179.6
2.2,13.0,1708000196.6,0.9938895571936902,11470.4,0.0011743223559471353,2015-07-12 09:45:21,8131249205.8
2.4,14.0,1770000196.6,0.9938875108038573,11471.4,0.001205671268476931,2015-07-13 12:03:54,8443328882.4
2.8,15.2,1762000194.6,0.9938782398270642,11472.6,0.002188509066638737,2015-07-14 18:08:08,9510786354.8
2.6,16.4,1620020394.4,0.9938680367704948,11474.0,0.002291843625091648,2015-07-15 21:09:43,12700726940.4
2.4,16.2,1612020395.8,0.9938616521874026,11474.8,0.002290509419540347,2015-07-16 18:55:25,15736517585.6
2.0,16.8,1602020198.4,0.9938498865027526,11475.4,0.0043105216697064035,2015-07-17 18:43:26,256906207860.8
2.2,17.4,1548020194.6,0.993839446327177,11476.4,0.004366733236379989,2015-07-18 18:13:29,256091624018.2
2.0,17.4,2220020395.2,0.9938530621880627,11477.0,0.008121088015835182,2015-07-20 02:46:49,260861377137.2
2.0,16.8,2340000196.2,0.9938677035494846,11477.4,0.008066957584730384,2015-07-22 00:17:46,264682499034.8
2.0,16.2,2496000396.0,0.9938838289871444,11477.8,0.008178337754671118,2015-07-23 15:46:36,263800611171.6
2.2,15.0,2452000397.4,0.9939050271364064,11478.2,0.006094448848091488,2015-07-25 08:16:10,27383595678.6
2.0,13.6,2328000600.6,0.9939264169831576,11478.0,0.006020241239201694,2015-07-26 22:59:18,31191651545.6
2.0,13.0,1926000401.6,0.993931991201511,11478.0,0.0015044618456784703,2015-07-27 22:58:34,28184881596.4
2.0,13.0,2044000402.6,0.9939379071890228,11478.2,0.0014971629465532579,2015-07-29 03:13:43,28740964165.8
2.0,13.4,1988000203.6,0.9939416901748099,11478.6,0.001393860091701702,2015-08-01 08:24:54,32329383467.8
2.0,14.0,2088000603.8,0.9939458456987967,11479.0,0.0014329772663407817,2015-08-02 13:30:46,33134170130.6
2.0,14.6,2306000404.4,0.9939490333519437,11479.8,0.0016231821309310446,2015-08-03 11:08:39,36310992664.4
2.0,14.2,2092000403.6,0.993951560520815,11480.6,0.0015735086285368794,2015-08-04 13:38:14,34106935375.4
2.0,13.4,1974000401.8,0.9939526169747299,11481.2,0.0015192164090358513,2015-08-05 13:15:40,26646080167.8
2.2,17.0,1954000601.6,0.9939530200279479,11483.6,0.0015615843003261277,2015-08-07 00:07:49,25344942571.2
2.0,16.8,1908000402.8,0.993956281202828,11486.2,0.0014244854894709129,2015-08-08 02:36:09,30108581178.0
1.8,16.4,1728020403.2,0.9939601259254156,11488.2,0.0011286800286639048,2015-08-10 14:50:47,34462129400.0
1.8,16.8,1562020404.4,0.9939612278294738,11490.2,0.0009310976419350669,2015-08-11 19:22:52,41454973946.8
2.0,18.0,1478020604.0,0.9939635891892419,11492.2,0.0009599393445141133,2015-08-13 10:10:38,43611664905.2
2.0,15.2,1514020604.0,0.9939683131146667,11492.4,0.0010158599813361766,2015-08-14 20:19:19,47467684826.0
2.4,15.6,1476020605.0,0.993969678499527,11492.6,0.0010947158570802633,2015-08-16 00:04:59,42719842187.8
2.8,16.8,1610000663.2,0.9939752540878416,11493.0,0.0019038596964324746,2015-08-18 08:48:45,100617621484.8
2.8,16.8,1604000661.2,0.9939816356821698,11493.4,0.0020010040447660015,2015-08-20 05:15:31,101471167870.0
2.6,16.6,1556000462.4,0.9939878735337851,11493.8,0.002049820335185971,2015-08-22 00:04:03,111536045509.0
2.4,16.2,1454000263.4,0.9939945953288264,11494.2,0.0021702697611694403,2015-08-24 17:46:50,116330952641.0
2.4,16.8,1724000260.0,0.994010183711777,11494.0,0.0029420304554050323,2015-08-26 08:37:07,108557868910.6
2.2,15.8,1822000402.4,0.9940229173652089,11494.0,0.0023806864585449684,2015-08-27 08:44:04,
2.0,15.8,2120000603.6,0.9940369853463376,11493.8,0.002519455044827619,2015-09-08 07:23:49,
2.0,16.4,2242004601.8,0.994050342212426,11493.8,0.0025441218869383477,2015-09-11 02:03:55,
2.0,15.8,2360004600.6,0.9940611367021587,11493.6,0.0023443719907682023,2015-09-13 03:59:25,
1.8,14.6,2076004601.4,0.9940637548258803,11494.0,0.001521709210936625,2015-09-23 18:05:56,
1.8,14.8,2284024401.8,0.994068662167533,11494.2,0.001688582324685287,2015-09-26 22:46:03,
2.0,14.6,2188024202.2,0.9940640713977393,11494.6,0.006396521327494559,2015-09-28 19:36:27,
2.0,13.0,2342020204.2,0.9940567881208725,11495.0,0.0079201124070321,2015-10-04 18:30:38,
2.0,11.8,2570020204.6,0.9940528880780173,11495.4,0.008035868661982148,2015-10-07 14:42:50,
2.2,11.4,2670020005.0,0.994048454251331,11495.6,0.008178932489337501,2015-10-08 22:23:01,
2.4,10.8,2226000004.4,0.994040390991066,11495.8,0.007858913382920956,2015-10-10 12:31:43,
2.4,10.4,2308000204.4,0.9940416263469357,11496.0,0.003062049890055228,2015-10-13 11:28:18,
2.4,10.6,2038000204.4,0.9940449472272601,11496.0,0.0013804884715315833,2015-10-15 07:29:34,
2.4,11.8,2136000204.2,0.9940488846583897,11496.0,0.0015479714990024476,2015-10-18 06:51:23,
2.4,11.4,2182000207.4,0.9940541589990847,11496.0,0.0015283085618756445,2015-10-19 15:17:50,
2.4,11.6,2208219543.6,0.994059439883225,11495.8,0.001555618375019572,2015-10-20 21:10:55,
2.4,11.2,1994219543.8,0.9940637344611108,11495.6,0.0015135669657298004,2015-10-23 14:18:24,
2.4,11.2,2170219742.8,0.9940638631738767,11495.4,0.006265671907076472,2015-10-26 06:41:51,
2.4,11.2,1894219744.8,0.9940635617456286,11495.4,0.006150030397194894,2015-10-27 10:15:19,
2.2,11.6,2004219736.6,0.9940642309445794,11495.4,0.006343440668847464,2015-10-28 19:51:40,
2.2,11.6,2188000399.8,0.9940655488804111,11495.6,0.006473887180321954,2015-11-02 01:22:22,
2.0,12.2,2114000201.6,0.9940664953128353,11495.8,0.0064961048173394886,2015-11-05 06:45:56,
2.0,12.2,2070000002.2,0.9940712190456541,11496.0,0.0018035346585697615,2015-11-09 02:35:28,
2.0,11.6,1944000000.8,0.9940745082126075,11496.0,0.0016548348411811506,2015-11-10 22:29:13,
2.0,11.6,1608000205.8,0.9940761227516844,11496.0,0.0013069042429756958,2015-11-12 18:01:56,
1.8,11.2,1654000406.2,0.9940797136606513,11496.0,0.0013591133411384334,2015-11-13 16:40:57,
2.0,10.4,1946000404.4,0.9940833711971147,11496.0,0.0014786719497254404,2015-11-14 15:50:45,
2.0,9.8,1854000405.0,0.9940869063854356,11496.0,0.0013874824047242014,2015-11-15 16:39:13,
2.0,9.6,2076000604.8,0.9940910191061034,11496.0,0.001462682548473032,2015-11-16 17:44:36,
2.0,9.2,2170000404.2,0.9940949317354798,11496.0,0.001838541003615227,2015-11-17 16:57:48,
2.0,9.2,2000000403.8,0.9940975697975102,11496.0,0.0016069232205000745,2015-11-18 15:24:40,
1.8,9.4,1960001004.4,0.9941006268316535,11496.0,0.0015045088287618065,2015-11-19 14:15:48,
1.6,9.6,2092001002.8,0.994104768436219,11496.0,0.0015842340128794101,2015-11-20 17:26:54,
1.4,9.6,2240000802.0,0.9941093975240143,11496.0,0.0018719044013089901,2015-11-21 14:14:19,
1.2,9.4,2424000802.0,0.9941168317954195,11496.0,0.0017451848742163986,2015-11-22 16:41:40,
1.2,9.2,2496000601.8,0.9941227325953388,11496.0,0.0018662878141464643,2015-11-23 14:37:32,
1.2,9.0,2406000200.6,0.9941292275244804,11496.0,0.0019002769164011488,2015-11-24 17:21:50,
1.2,9.0,2256001201.0,0.9941348863921864,11496.0,0.00185452024512927,2015-11-25 18:04:34,
1.4,9.0,2074001202.0,0.994139121769202,11496.0,0.0015017655530357194,2015-11-26 13:40:28,
